category,facet_type,facet,samples,bonafide,spoof
all_audio_with_jsonl,folder,audio_00000.wav,1,1,0
all_audio_with_jsonl,folder,audio_01034.wav,1,1,0
all_audio_with_jsonl,folder,audio_01043.wav,1,1,0
all_audio_with_jsonl,folder,audio_01042.wav,1,1,0
all_audio_with_jsonl,folder,audio_01041.wav,1,1,0
all_audio_with_jsonl,folder,audio_01040.wav,1,1,0
all_audio_with_jsonl,folder,audio_01039.wav,1,1,0
all_audio_with_jsonl,folder,audio_01038.wav,1,1,0
all_audio_with_jsonl,folder,audio_01037.wav,1,1,0
all_audio_with_jsonl,folder,audio_01036.wav,1,1,0
all_audio_with_jsonl,folder,audio_01035.wav,1,1,0
all_audio_with_jsonl,folder,audio_01033.wav,1,1,0
all_audio_with_jsonl,folder,audio_01045.wav,1,1,0
all_audio_with_jsonl,folder,audio_01032.wav,1,1,0
all_audio_with_jsonl,folder,audio_01031.wav,1,1,0
all_audio_with_jsonl,folder,audio_01030.wav,1,1,0
all_audio_with_jsonl,folder,audio_01029.wav,1,1,0
all_audio_with_jsonl,folder,audio_01028.wav,1,1,0
all_audio_with_jsonl,folder,audio_01027.wav,1,1,0
all_audio_with_jsonl,folder,audio_01026.wav,1,1,0
all_audio_with_jsonl,folder,audio_01025.wav,1,1,0
all_audio_with_jsonl,folder,audio_01024.wav,1,1,0
all_audio_with_jsonl,folder,audio_01044.wav,1,1,0
all_audio_with_jsonl,folder,audio_01046.wav,1,1,0
all_audio_with_jsonl,folder,audio_01022.wav,1,1,0
all_audio_with_jsonl,folder,audio_01058.wav,1,1,0
all_audio_with_jsonl,folder,audio_01067.wav,1,1,0
all_audio_with_jsonl,folder,audio_01066.wav,1,1,0
all_audio_with_jsonl,folder,audio_01065.wav,1,1,0
all_audio_with_jsonl,folder,audio_01064.wav,1,1,0
all_audio_with_jsonl,folder,audio_01063.wav,1,1,0
all_audio_with_jsonl,folder,audio_01062.wav,1,1,0
all_audio_with_jsonl,folder,audio_01061.wav,1,1,0
all_audio_with_jsonl,folder,audio_01060.wav,1,1,0
all_audio_with_jsonl,folder,audio_01059.wav,1,1,0
all_audio_with_jsonl,folder,audio_01057.wav,1,1,0
all_audio_with_jsonl,folder,audio_01047.wav,1,1,0
all_audio_with_jsonl,folder,audio_01056.wav,1,1,0
all_audio_with_jsonl,folder,audio_01055.wav,1,1,0
all_audio_with_jsonl,folder,audio_01054.wav,1,1,0
all_audio_with_jsonl,folder,audio_01053.wav,1,1,0
all_audio_with_jsonl,folder,audio_01052.wav,1,1,0
all_audio_with_jsonl,folder,audio_01051.wav,1,1,0
all_audio_with_jsonl,folder,audio_01050.wav,1,1,0
all_audio_with_jsonl,folder,audio_01049.wav,1,1,0
all_audio_with_jsonl,folder,audio_01048.wav,1,1,0
all_audio_with_jsonl,folder,audio_01023.wav,1,1,0
all_audio_with_jsonl,folder,audio_01021.wav,1,1,0
all_audio_with_jsonl,folder,audio_00973.wav,1,1,0
all_audio_with_jsonl,folder,audio_00986.wav,1,1,0
all_audio_with_jsonl,folder,audio_00995.wav,1,1,0
all_audio_with_jsonl,folder,audio_00994.wav,1,1,0
all_audio_with_jsonl,folder,audio_00993.wav,1,1,0
all_audio_with_jsonl,folder,audio_00992.wav,1,1,0
all_audio_with_jsonl,folder,audio_00991.wav,1,1,0
all_audio_with_jsonl,folder,audio_00990.wav,1,1,0
all_audio_with_jsonl,folder,audio_00989.wav,1,1,0
all_audio_with_jsonl,folder,audio_00988.wav,1,1,0
all_audio_with_jsonl,folder,audio_00987.wav,1,1,0
all_audio_with_jsonl,folder,audio_00985.wav,1,1,0
all_audio_with_jsonl,folder,audio_00997.wav,1,1,0
all_audio_with_jsonl,folder,audio_00984.wav,1,1,0
all_audio_with_jsonl,folder,audio_00983.wav,1,1,0
all_audio_with_jsonl,folder,audio_00982.wav,1,1,0
all_audio_with_jsonl,folder,audio_00981.wav,1,1,0
all_audio_with_jsonl,folder,audio_00980.wav,1,1,0
all_audio_with_jsonl,folder,audio_00979.wav,1,1,0
all_audio_with_jsonl,folder,audio_00978.wav,1,1,0
all_audio_with_jsonl,folder,audio_00976.wav,1,1,0
all_audio_with_jsonl,folder,audio_00975.wav,1,1,0
all_audio_with_jsonl,folder,audio_00996.wav,1,1,0
all_audio_with_jsonl,folder,audio_00998.wav,1,1,0
all_audio_with_jsonl,folder,audio_01020.wav,1,1,0
all_audio_with_jsonl,folder,audio_01010.wav,1,1,0
all_audio_with_jsonl,folder,audio_01019.wav,1,1,0
all_audio_with_jsonl,folder,audio_01018.wav,1,1,0
all_audio_with_jsonl,folder,audio_01017.wav,1,1,0
all_audio_with_jsonl,folder,audio_01016.wav,1,1,0
all_audio_with_jsonl,folder,audio_01015.wav,1,1,0
all_audio_with_jsonl,folder,audio_01014.wav,1,1,0
all_audio_with_jsonl,folder,audio_01013.wav,1,1,0
all_audio_with_jsonl,folder,audio_01012.wav,1,1,0
all_audio_with_jsonl,folder,audio_01011.wav,1,1,0
all_audio_with_jsonl,folder,audio_01009.wav,1,1,0
all_audio_with_jsonl,folder,audio_00999.wav,1,1,0
all_audio_with_jsonl,folder,audio_01008.wav,1,1,0
all_audio_with_jsonl,folder,audio_01007.wav,1,1,0
all_audio_with_jsonl,folder,audio_01006.wav,1,1,0
all_audio_with_jsonl,folder,audio_01005.wav,1,1,0
all_audio_with_jsonl,folder,audio_01004.wav,1,1,0
all_audio_with_jsonl,folder,audio_01003.wav,1,1,0
all_audio_with_jsonl,folder,audio_01002.wav,1,1,0
all_audio_with_jsonl,folder,audio_01001.wav,1,1,0
all_audio_with_jsonl,folder,audio_01000.wav,1,1,0
all_audio_with_jsonl,folder,audio_01068.wav,1,1,0
all_audio_with_jsonl,folder,audio_01069.wav,1,1,0
all_audio_with_jsonl,folder,audio_01070.wav,1,1,0
all_audio_with_jsonl,folder,audio_01131.wav,1,1,0
all_audio_with_jsonl,folder,audio_01140.wav,1,1,0
all_audio_with_jsonl,folder,audio_01139.wav,1,1,0
all_audio_with_jsonl,folder,audio_01138.wav,1,1,0
all_audio_with_jsonl,folder,audio_01137.wav,1,1,0
all_audio_with_jsonl,folder,audio_01136.wav,1,1,0
all_audio_with_jsonl,folder,audio_01135.wav,1,1,0
all_audio_with_jsonl,folder,audio_01134.wav,1,1,0
all_audio_with_jsonl,folder,audio_01133.wav,1,1,0
all_audio_with_jsonl,folder,audio_01132.wav,1,1,0
all_audio_with_jsonl,folder,audio_01130.wav,1,1,0
all_audio_with_jsonl,folder,audio_01142.wav,1,1,0
all_audio_with_jsonl,folder,audio_01129.wav,1,1,0
all_audio_with_jsonl,folder,audio_01128.wav,1,1,0
all_audio_with_jsonl,folder,audio_01127.wav,1,1,0
all_audio_with_jsonl,folder,audio_01126.wav,1,1,0
all_audio_with_jsonl,folder,audio_01125.wav,1,1,0
all_audio_with_jsonl,folder,audio_01124.wav,1,1,0
all_audio_with_jsonl,folder,audio_01123.wav,1,1,0
all_audio_with_jsonl,folder,audio_01122.wav,1,1,0
all_audio_with_jsonl,folder,audio_01121.wav,1,1,0
all_audio_with_jsonl,folder,audio_01141.wav,1,1,0
all_audio_with_jsonl,folder,audio_01143.wav,1,1,0
all_audio_with_jsonl,folder,audio_01071.wav,1,1,0
all_audio_with_jsonl,folder,audio_01155.wav,1,1,0
all_audio_with_jsonl,folder,audio_01164.wav,1,1,0
all_audio_with_jsonl,folder,audio_01163.wav,1,1,0
all_audio_with_jsonl,folder,audio_01162.wav,1,1,0
all_audio_with_jsonl,folder,audio_01161.wav,1,1,0
all_audio_with_jsonl,folder,audio_01160.wav,1,1,0
all_audio_with_jsonl,folder,audio_01159.wav,1,1,0
all_audio_with_jsonl,folder,audio_01158.wav,1,1,0
all_audio_with_jsonl,folder,audio_01157.wav,1,1,0
all_audio_with_jsonl,folder,audio_01156.wav,1,1,0
all_audio_with_jsonl,folder,audio_01154.wav,1,1,0
all_audio_with_jsonl,folder,audio_01144.wav,1,1,0
all_audio_with_jsonl,folder,audio_01153.wav,1,1,0
all_audio_with_jsonl,folder,audio_01152.wav,1,1,0
all_audio_with_jsonl,folder,audio_01151.wav,1,1,0
all_audio_with_jsonl,folder,audio_01150.wav,1,1,0
all_audio_with_jsonl,folder,audio_01149.wav,1,1,0
all_audio_with_jsonl,folder,audio_01148.wav,1,1,0
all_audio_with_jsonl,folder,audio_01147.wav,1,1,0
all_audio_with_jsonl,folder,audio_01146.wav,1,1,0
all_audio_with_jsonl,folder,audio_01145.wav,1,1,0
all_audio_with_jsonl,folder,audio_01120.wav,1,1,0
all_audio_with_jsonl,folder,audio_01119.wav,1,1,0
all_audio_with_jsonl,folder,audio_01118.wav,1,1,0
all_audio_with_jsonl,folder,audio_01083.wav,1,1,0
all_audio_with_jsonl,folder,audio_01093.wav,1,1,0
all_audio_with_jsonl,folder,audio_01092.wav,1,1,0
all_audio_with_jsonl,folder,audio_01091.wav,1,1,0
all_audio_with_jsonl,folder,audio_01090.wav,1,1,0
all_audio_with_jsonl,folder,audio_01089.wav,1,1,0
all_audio_with_jsonl,folder,audio_01087.wav,1,1,0
all_audio_with_jsonl,folder,audio_01086.wav,1,1,0
all_audio_with_jsonl,folder,audio_01085.wav,1,1,0
all_audio_with_jsonl,folder,audio_01084.wav,1,1,0
all_audio_with_jsonl,folder,audio_01082.wav,1,1,0
all_audio_with_jsonl,folder,audio_01117.wav,1,1,0
all_audio_with_jsonl,folder,audio_01080.wav,1,1,0
all_audio_with_jsonl,folder,audio_01079.wav,1,1,0
all_audio_with_jsonl,folder,audio_01078.wav,1,1,0
all_audio_with_jsonl,folder,audio_01077.wav,1,1,0
all_audio_with_jsonl,folder,audio_01076.wav,1,1,0
all_audio_with_jsonl,folder,audio_01075.wav,1,1,0
all_audio_with_jsonl,folder,audio_01074.wav,1,1,0
all_audio_with_jsonl,folder,audio_01073.wav,1,1,0
all_audio_with_jsonl,folder,audio_01072.wav,1,1,0
all_audio_with_jsonl,folder,audio_01094.wav,1,1,0
all_audio_with_jsonl,folder,audio_01095.wav,1,1,0
all_audio_with_jsonl,folder,audio_01096.wav,1,1,0
all_audio_with_jsonl,folder,audio_01097.wav,1,1,0
all_audio_with_jsonl,folder,audio_01116.wav,1,1,0
all_audio_with_jsonl,folder,audio_01115.wav,1,1,0
all_audio_with_jsonl,folder,audio_01114.wav,1,1,0
all_audio_with_jsonl,folder,audio_01113.wav,1,1,0
all_audio_with_jsonl,folder,audio_01112.wav,1,1,0
all_audio_with_jsonl,folder,audio_01111.wav,1,1,0
all_audio_with_jsonl,folder,audio_01110.wav,1,1,0
all_audio_with_jsonl,folder,audio_01109.wav,1,1,0
all_audio_with_jsonl,folder,audio_01108.wav,1,1,0
all_audio_with_jsonl,folder,audio_01107.wav,1,1,0
all_audio_with_jsonl,folder,audio_01106.wav,1,1,0
all_audio_with_jsonl,folder,audio_01105.wav,1,1,0
all_audio_with_jsonl,folder,audio_01104.wav,1,1,0
all_audio_with_jsonl,folder,audio_01103.wav,1,1,0
all_audio_with_jsonl,folder,audio_01102.wav,1,1,0
all_audio_with_jsonl,folder,audio_01101.wav,1,1,0
all_audio_with_jsonl,folder,audio_01100.wav,1,1,0
all_audio_with_jsonl,folder,audio_01099.wav,1,1,0
all_audio_with_jsonl,folder,audio_01098.wav,1,1,0
all_audio_with_jsonl,folder,audio_00974.wav,1,1,0
all_audio_with_jsonl,folder,audio_00972.wav,1,1,0
all_audio_with_jsonl,folder,audio_00001.wav,1,1,0
all_audio_with_jsonl,folder,audio_00840.wav,1,1,0
all_audio_with_jsonl,folder,audio_00849.wav,1,1,0
all_audio_with_jsonl,folder,audio_00848.wav,1,1,0
all_audio_with_jsonl,folder,audio_00847.wav,1,1,0
all_audio_with_jsonl,folder,audio_00846.wav,1,1,0
all_audio_with_jsonl,folder,audio_00845.wav,1,1,0
all_audio_with_jsonl,folder,audio_00844.wav,1,1,0
all_audio_with_jsonl,folder,audio_00843.wav,1,1,0
all_audio_with_jsonl,folder,audio_00842.wav,1,1,0
all_audio_with_jsonl,folder,audio_00841.wav,1,1,0
all_audio_with_jsonl,folder,audio_00839.wav,1,1,0
all_audio_with_jsonl,folder,audio_00851.wav,1,1,0
all_audio_with_jsonl,folder,audio_00838.wav,1,1,0
all_audio_with_jsonl,folder,audio_00837.wav,1,1,0
all_audio_with_jsonl,folder,audio_00836.wav,1,1,0
all_audio_with_jsonl,folder,audio_00835.wav,1,1,0
all_audio_with_jsonl,folder,audio_00834.wav,1,1,0
all_audio_with_jsonl,folder,audio_00833.wav,1,1,0
all_audio_with_jsonl,folder,audio_00832.wav,1,1,0
all_audio_with_jsonl,folder,audio_00831.wav,1,1,0
all_audio_with_jsonl,folder,audio_00830.wav,1,1,0
all_audio_with_jsonl,folder,audio_00850.wav,1,1,0
all_audio_with_jsonl,folder,audio_00852.wav,1,1,0
all_audio_with_jsonl,folder,audio_00828.wav,1,1,0
all_audio_with_jsonl,folder,audio_00864.wav,1,1,0
all_audio_with_jsonl,folder,audio_00873.wav,1,1,0
all_audio_with_jsonl,folder,audio_00872.wav,1,1,0
all_audio_with_jsonl,folder,audio_00871.wav,1,1,0
all_audio_with_jsonl,folder,audio_00870.wav,1,1,0
all_audio_with_jsonl,folder,audio_00869.wav,1,1,0
all_audio_with_jsonl,folder,audio_00868.wav,1,1,0
all_audio_with_jsonl,folder,audio_00867.wav,1,1,0
all_audio_with_jsonl,folder,audio_00866.wav,1,1,0
all_audio_with_jsonl,folder,audio_00865.wav,1,1,0
all_audio_with_jsonl,folder,audio_00863.wav,1,1,0
all_audio_with_jsonl,folder,audio_00853.wav,1,1,0
all_audio_with_jsonl,folder,audio_00862.wav,1,1,0
all_audio_with_jsonl,folder,audio_00861.wav,1,1,0
all_audio_with_jsonl,folder,audio_00860.wav,1,1,0
all_audio_with_jsonl,folder,audio_00859.wav,1,1,0
all_audio_with_jsonl,folder,audio_00858.wav,1,1,0
all_audio_with_jsonl,folder,audio_00857.wav,1,1,0
all_audio_with_jsonl,folder,audio_00856.wav,1,1,0
all_audio_with_jsonl,folder,audio_00855.wav,1,1,0
all_audio_with_jsonl,folder,audio_00854.wav,1,1,0
all_audio_with_jsonl,folder,audio_00829.wav,1,1,0
all_audio_with_jsonl,folder,audio_00827.wav,1,1,0
all_audio_with_jsonl,folder,audio_00971.wav,1,1,0
all_audio_with_jsonl,folder,audio_00790.wav,1,1,0
all_audio_with_jsonl,folder,audio_00799.wav,1,1,0
all_audio_with_jsonl,folder,audio_00798.wav,1,1,0
all_audio_with_jsonl,folder,audio_00797.wav,1,1,0
all_audio_with_jsonl,folder,audio_00796.wav,1,1,0
all_audio_with_jsonl,folder,audio_00795.wav,1,1,0
all_audio_with_jsonl,folder,audio_00794.wav,1,1,0
all_audio_with_jsonl,folder,audio_00793.wav,1,1,0
all_audio_with_jsonl,folder,audio_00792.wav,1,1,0
all_audio_with_jsonl,folder,audio_00791.wav,1,1,0
all_audio_with_jsonl,folder,audio_00789.wav,1,1,0
all_audio_with_jsonl,folder,audio_00801.wav,1,1,0
all_audio_with_jsonl,folder,audio_00788.wav,1,1,0
all_audio_with_jsonl,folder,audio_00787.wav,1,1,0
all_audio_with_jsonl,folder,audio_00786.wav,1,1,0
all_audio_with_jsonl,folder,audio_00785.wav,1,1,0
all_audio_with_jsonl,folder,audio_00784.wav,1,1,0
all_audio_with_jsonl,folder,audio_00783.wav,1,1,0
all_audio_with_jsonl,folder,audio_00782.wav,1,1,0
all_audio_with_jsonl,folder,audio_00781.wav,1,1,0
all_audio_with_jsonl,folder,audio_00780.wav,1,1,0
all_audio_with_jsonl,folder,audio_00800.wav,1,1,0
all_audio_with_jsonl,folder,audio_00802.wav,1,1,0
all_audio_with_jsonl,folder,audio_00826.wav,1,1,0
all_audio_with_jsonl,folder,audio_00815.wav,1,1,0
all_audio_with_jsonl,folder,audio_00825.wav,1,1,0
all_audio_with_jsonl,folder,audio_00823.wav,1,1,0
all_audio_with_jsonl,folder,audio_00822.wav,1,1,0
all_audio_with_jsonl,folder,audio_00821.wav,1,1,0
all_audio_with_jsonl,folder,audio_00820.wav,1,1,0
all_audio_with_jsonl,folder,audio_00819.wav,1,1,0
all_audio_with_jsonl,folder,audio_00818.wav,1,1,0
all_audio_with_jsonl,folder,audio_00817.wav,1,1,0
all_audio_with_jsonl,folder,audio_00816.wav,1,1,0
all_audio_with_jsonl,folder,audio_00813.wav,1,1,0
all_audio_with_jsonl,folder,audio_00803.wav,1,1,0
all_audio_with_jsonl,folder,audio_00812.wav,1,1,0
all_audio_with_jsonl,folder,audio_00811.wav,1,1,0
all_audio_with_jsonl,folder,audio_00810.wav,1,1,0
all_audio_with_jsonl,folder,audio_00809.wav,1,1,0
all_audio_with_jsonl,folder,audio_00808.wav,1,1,0
all_audio_with_jsonl,folder,audio_00807.wav,1,1,0
all_audio_with_jsonl,folder,audio_00806.wav,1,1,0
all_audio_with_jsonl,folder,audio_00805.wav,1,1,0
all_audio_with_jsonl,folder,audio_00804.wav,1,1,0
all_audio_with_jsonl,folder,audio_00874.wav,1,1,0
all_audio_with_jsonl,folder,audio_00875.wav,1,1,0
all_audio_with_jsonl,folder,audio_00876.wav,1,1,0
all_audio_with_jsonl,folder,audio_00937.wav,1,1,0
all_audio_with_jsonl,folder,audio_00946.wav,1,1,0
all_audio_with_jsonl,folder,audio_00945.wav,1,1,0
all_audio_with_jsonl,folder,audio_00944.wav,1,1,0
all_audio_with_jsonl,folder,audio_00943.wav,1,1,0
all_audio_with_jsonl,folder,audio_00942.wav,1,1,0
all_audio_with_jsonl,folder,audio_00941.wav,1,1,0
all_audio_with_jsonl,folder,audio_00940.wav,1,1,0
all_audio_with_jsonl,folder,audio_00939.wav,1,1,0
all_audio_with_jsonl,folder,audio_00938.wav,1,1,0
all_audio_with_jsonl,folder,audio_00936.wav,1,1,0
all_audio_with_jsonl,folder,audio_00948.wav,1,1,0
all_audio_with_jsonl,folder,audio_00935.wav,1,1,0
all_audio_with_jsonl,folder,audio_00934.wav,1,1,0
all_audio_with_jsonl,folder,audio_00933.wav,1,1,0
all_audio_with_jsonl,folder,audio_00932.wav,1,1,0
all_audio_with_jsonl,folder,audio_00931.wav,1,1,0
all_audio_with_jsonl,folder,audio_00930.wav,1,1,0
all_audio_with_jsonl,folder,audio_00929.wav,1,1,0
all_audio_with_jsonl,folder,audio_00927.wav,1,1,0
all_audio_with_jsonl,folder,audio_00926.wav,1,1,0
all_audio_with_jsonl,folder,audio_00947.wav,1,1,0
all_audio_with_jsonl,folder,audio_00949.wav,1,1,0
all_audio_with_jsonl,folder,audio_00877.wav,1,1,0
all_audio_with_jsonl,folder,audio_00961.wav,1,1,0
all_audio_with_jsonl,folder,audio_00970.wav,1,1,0
all_audio_with_jsonl,folder,audio_00969.wav,1,1,0
all_audio_with_jsonl,folder,audio_00968.wav,1,1,0
all_audio_with_jsonl,folder,audio_00967.wav,1,1,0
all_audio_with_jsonl,folder,audio_00966.wav,1,1,0
all_audio_with_jsonl,folder,audio_00965.wav,1,1,0
all_audio_with_jsonl,folder,audio_00964.wav,1,1,0
all_audio_with_jsonl,folder,audio_00963.wav,1,1,0
all_audio_with_jsonl,folder,audio_00962.wav,1,1,0
all_audio_with_jsonl,folder,audio_00960.wav,1,1,0
all_audio_with_jsonl,folder,audio_00950.wav,1,1,0
all_audio_with_jsonl,folder,audio_00959.wav,1,1,0
all_audio_with_jsonl,folder,audio_00958.wav,1,1,0
all_audio_with_jsonl,folder,audio_00957.wav,1,1,0
all_audio_with_jsonl,folder,audio_00956.wav,1,1,0
all_audio_with_jsonl,folder,audio_00955.wav,1,1,0
all_audio_with_jsonl,folder,audio_00954.wav,1,1,0
all_audio_with_jsonl,folder,audio_00953.wav,1,1,0
all_audio_with_jsonl,folder,audio_00952.wav,1,1,0
all_audio_with_jsonl,folder,audio_00951.wav,1,1,0
all_audio_with_jsonl,folder,audio_00924.wav,1,1,0
all_audio_with_jsonl,folder,audio_00923.wav,1,1,0
all_audio_with_jsonl,folder,audio_00922.wav,1,1,0
all_audio_with_jsonl,folder,audio_00888.wav,1,1,0
all_audio_with_jsonl,folder,audio_00897.wav,1,1,0
all_audio_with_jsonl,folder,audio_00896.wav,1,1,0
all_audio_with_jsonl,folder,audio_00895.wav,1,1,0
all_audio_with_jsonl,folder,audio_00894.wav,1,1,0
all_audio_with_jsonl,folder,audio_00893.wav,1,1,0
all_audio_with_jsonl,folder,audio_00892.wav,1,1,0
all_audio_with_jsonl,folder,audio_00891.wav,1,1,0
all_audio_with_jsonl,folder,audio_00890.wav,1,1,0
all_audio_with_jsonl,folder,audio_00889.wav,1,1,0
all_audio_with_jsonl,folder,audio_00887.wav,1,1,0
all_audio_with_jsonl,folder,audio_00921.wav,1,1,0
all_audio_with_jsonl,folder,audio_00886.wav,1,1,0
all_audio_with_jsonl,folder,audio_00885.wav,1,1,0
all_audio_with_jsonl,folder,audio_00884.wav,1,1,0
all_audio_with_jsonl,folder,audio_00883.wav,1,1,0
all_audio_with_jsonl,folder,audio_00882.wav,1,1,0
all_audio_with_jsonl,folder,audio_00881.wav,1,1,0
all_audio_with_jsonl,folder,audio_00880.wav,1,1,0
all_audio_with_jsonl,folder,audio_00879.wav,1,1,0
all_audio_with_jsonl,folder,audio_00878.wav,1,1,0
all_audio_with_jsonl,folder,audio_00898.wav,1,1,0
all_audio_with_jsonl,folder,audio_00899.wav,1,1,0
all_audio_with_jsonl,folder,audio_00900.wav,1,1,0
all_audio_with_jsonl,folder,audio_00901.wav,1,1,0
all_audio_with_jsonl,folder,audio_00920.wav,1,1,0
all_audio_with_jsonl,folder,audio_00919.wav,1,1,0
all_audio_with_jsonl,folder,audio_00918.wav,1,1,0
all_audio_with_jsonl,folder,audio_00917.wav,1,1,0
all_audio_with_jsonl,folder,audio_00916.wav,1,1,0
all_audio_with_jsonl,folder,audio_00915.wav,1,1,0
all_audio_with_jsonl,folder,audio_00914.wav,1,1,0
all_audio_with_jsonl,folder,audio_00913.wav,1,1,0
all_audio_with_jsonl,folder,audio_00912.wav,1,1,0
all_audio_with_jsonl,folder,audio_00911.wav,1,1,0
all_audio_with_jsonl,folder,audio_00910.wav,1,1,0
all_audio_with_jsonl,folder,audio_00909.wav,1,1,0
all_audio_with_jsonl,folder,audio_00908.wav,1,1,0
all_audio_with_jsonl,folder,audio_00907.wav,1,1,0
all_audio_with_jsonl,folder,audio_00906.wav,1,1,0
all_audio_with_jsonl,folder,audio_00905.wav,1,1,0
all_audio_with_jsonl,folder,audio_00904.wav,1,1,0
all_audio_with_jsonl,folder,audio_00903.wav,1,1,0
all_audio_with_jsonl,folder,audio_00902.wav,1,1,0
all_audio_with_jsonl,folder,audio_01165.wav,1,1,0
all_audio_with_jsonl,folder,audio_01166.wav,1,1,0
all_audio_with_jsonl,folder,audio_01167.wav,1,1,0
all_audio_with_jsonl,folder,audio_01422.wav,1,1,0
all_audio_with_jsonl,folder,audio_01431.wav,1,1,0
all_audio_with_jsonl,folder,audio_01430.wav,1,1,0
all_audio_with_jsonl,folder,audio_01429.wav,1,1,0
all_audio_with_jsonl,folder,audio_01428.wav,1,1,0
all_audio_with_jsonl,folder,audio_01427.wav,1,1,0
all_audio_with_jsonl,folder,audio_01426.wav,1,1,0
all_audio_with_jsonl,folder,audio_01425.wav,1,1,0
all_audio_with_jsonl,folder,audio_01424.wav,1,1,0
all_audio_with_jsonl,folder,audio_01423.wav,1,1,0
all_audio_with_jsonl,folder,audio_01421.wav,1,1,0
all_audio_with_jsonl,folder,audio_01433.wav,1,1,0
all_audio_with_jsonl,folder,audio_01420.wav,1,1,0
all_audio_with_jsonl,folder,audio_01419.wav,1,1,0
all_audio_with_jsonl,folder,audio_01418.wav,1,1,0
all_audio_with_jsonl,folder,audio_01417.wav,1,1,0
all_audio_with_jsonl,folder,audio_01416.wav,1,1,0
all_audio_with_jsonl,folder,audio_01415.wav,1,1,0
all_audio_with_jsonl,folder,audio_01414.wav,1,1,0
all_audio_with_jsonl,folder,audio_01413.wav,1,1,0
all_audio_with_jsonl,folder,audio_01412.wav,1,1,0
all_audio_with_jsonl,folder,audio_01432.wav,1,1,0
all_audio_with_jsonl,folder,audio_01434.wav,1,1,0
all_audio_with_jsonl,folder,audio_01410.wav,1,1,0
all_audio_with_jsonl,folder,audio_01447.wav,1,1,0
all_audio_with_jsonl,folder,audio_01456.wav,1,1,0
all_audio_with_jsonl,folder,audio_01455.wav,1,1,0
all_audio_with_jsonl,folder,audio_01454.wav,1,1,0
all_audio_with_jsonl,folder,audio_01453.wav,1,1,0
all_audio_with_jsonl,folder,audio_01452.wav,1,1,0
all_audio_with_jsonl,folder,audio_01451.wav,1,1,0
all_audio_with_jsonl,folder,audio_01450.wav,1,1,0
all_audio_with_jsonl,folder,audio_01449.wav,1,1,0
all_audio_with_jsonl,folder,audio_01448.wav,1,1,0
all_audio_with_jsonl,folder,audio_01446.wav,1,1,0
all_audio_with_jsonl,folder,audio_01435.wav,1,1,0
all_audio_with_jsonl,folder,audio_01445.wav,1,1,0
all_audio_with_jsonl,folder,audio_01444.wav,1,1,0
all_audio_with_jsonl,folder,audio_01443.wav,1,1,0
all_audio_with_jsonl,folder,audio_01442.wav,1,1,0
all_audio_with_jsonl,folder,audio_01440.wav,1,1,0
all_audio_with_jsonl,folder,audio_01439.wav,1,1,0
all_audio_with_jsonl,folder,audio_01438.wav,1,1,0
all_audio_with_jsonl,folder,audio_01437.wav,1,1,0
all_audio_with_jsonl,folder,audio_01436.wav,1,1,0
all_audio_with_jsonl,folder,audio_01411.wav,1,1,0
all_audio_with_jsonl,folder,audio_01409.wav,1,1,0
all_audio_with_jsonl,folder,audio_01168.wav,1,1,0
all_audio_with_jsonl,folder,audio_01372.wav,1,1,0
all_audio_with_jsonl,folder,audio_01383.wav,1,1,0
all_audio_with_jsonl,folder,audio_01381.wav,1,1,0
all_audio_with_jsonl,folder,audio_01379.wav,1,1,0
all_audio_with_jsonl,folder,audio_01378.wav,1,1,0
all_audio_with_jsonl,folder,audio_01377.wav,1,1,0
all_audio_with_jsonl,folder,audio_01376.wav,1,1,0
all_audio_with_jsonl,folder,audio_01375.wav,1,1,0
all_audio_with_jsonl,folder,audio_01374.wav,1,1,0
all_audio_with_jsonl,folder,audio_01373.wav,1,1,0
all_audio_with_jsonl,folder,audio_01371.wav,1,1,0
all_audio_with_jsonl,folder,audio_01385.wav,1,1,0
all_audio_with_jsonl,folder,audio_01370.wav,1,1,0
all_audio_with_jsonl,folder,audio_01369.wav,1,1,0
all_audio_with_jsonl,folder,audio_01368.wav,1,1,0
all_audio_with_jsonl,folder,audio_01367.wav,1,1,0
all_audio_with_jsonl,folder,audio_01366.wav,1,1,0
all_audio_with_jsonl,folder,audio_01365.wav,1,1,0
all_audio_with_jsonl,folder,audio_01364.wav,1,1,0
all_audio_with_jsonl,folder,audio_01363.wav,1,1,0
all_audio_with_jsonl,folder,audio_01362.wav,1,1,0
all_audio_with_jsonl,folder,audio_01384.wav,1,1,0
all_audio_with_jsonl,folder,audio_01386.wav,1,1,0
all_audio_with_jsonl,folder,audio_01408.wav,1,1,0
all_audio_with_jsonl,folder,audio_01398.wav,1,1,0
all_audio_with_jsonl,folder,audio_01407.wav,1,1,0
all_audio_with_jsonl,folder,audio_01406.wav,1,1,0
all_audio_with_jsonl,folder,audio_01405.wav,1,1,0
all_audio_with_jsonl,folder,audio_01404.wav,1,1,0
all_audio_with_jsonl,folder,audio_01403.wav,1,1,0
all_audio_with_jsonl,folder,audio_01402.wav,1,1,0
all_audio_with_jsonl,folder,audio_01401.wav,1,1,0
all_audio_with_jsonl,folder,audio_01400.wav,1,1,0
all_audio_with_jsonl,folder,audio_01399.wav,1,1,0
all_audio_with_jsonl,folder,audio_01397.wav,1,1,0
all_audio_with_jsonl,folder,audio_01387.wav,1,1,0
all_audio_with_jsonl,folder,audio_01396.wav,1,1,0
all_audio_with_jsonl,folder,audio_01395.wav,1,1,0
all_audio_with_jsonl,folder,audio_01394.wav,1,1,0
all_audio_with_jsonl,folder,audio_01393.wav,1,1,0
all_audio_with_jsonl,folder,audio_01392.wav,1,1,0
all_audio_with_jsonl,folder,audio_01391.wav,1,1,0
all_audio_with_jsonl,folder,audio_01390.wav,1,1,0
all_audio_with_jsonl,folder,audio_01389.wav,1,1,0
all_audio_with_jsonl,folder,audio_01388.wav,1,1,0
all_audio_with_jsonl,folder,audio_01457.wav,1,1,0
all_audio_with_jsonl,folder,audio_01458.wav,1,1,0
all_audio_with_jsonl,folder,audio_01459.wav,1,1,0
all_audio_with_jsonl,folder,audio_01519.wav,1,1,0
all_audio_with_jsonl,folder,audio_01528.wav,1,1,0
all_audio_with_jsonl,folder,audio_01527.wav,1,1,0
all_audio_with_jsonl,folder,audio_01526.wav,1,1,0
all_audio_with_jsonl,folder,audio_01525.wav,1,1,0
all_audio_with_jsonl,folder,audio_01524.wav,1,1,0
all_audio_with_jsonl,folder,audio_01523.wav,1,1,0
all_audio_with_jsonl,folder,audio_01522.wav,1,1,0
all_audio_with_jsonl,folder,audio_01521.wav,1,1,0
all_audio_with_jsonl,folder,audio_01520.wav,1,1,0
all_audio_with_jsonl,folder,audio_01518.wav,1,1,0
all_audio_with_jsonl,folder,audio_01530.wav,1,1,0
all_audio_with_jsonl,folder,audio_01517.wav,1,1,0
all_audio_with_jsonl,folder,audio_01516.wav,1,1,0
all_audio_with_jsonl,folder,audio_01515.wav,1,1,0
all_audio_with_jsonl,folder,audio_01514.wav,1,1,0
all_audio_with_jsonl,folder,audio_01513.wav,1,1,0
all_audio_with_jsonl,folder,audio_01512.wav,1,1,0
all_audio_with_jsonl,folder,audio_01511.wav,1,1,0
all_audio_with_jsonl,folder,audio_01510.wav,1,1,0
all_audio_with_jsonl,folder,audio_01509.wav,1,1,0
all_audio_with_jsonl,folder,audio_01529.wav,1,1,0
all_audio_with_jsonl,folder,audio_01531.wav,1,1,0
all_audio_with_jsonl,folder,audio_01460.wav,1,1,0
top10_audio_parallel,folder,audio_00009.wav,1,1,0
top10_audio_parallel_meta,folder,audio_00008.wav,1,1,0
top10_audio_parallel_meta,folder,audio_00007.wav,1,1,0
top10_audio_parallel_meta,folder,audio_00006.wav,1,1,0
top10_audio_parallel_meta,folder,audio_00005.wav,1,1,0
top10_audio_parallel_meta,folder,audio_00004.wav,1,1,0
top10_audio_parallel_meta,folder,audio_00003.wav,1,1,0
top10_audio_parallel_meta,folder,audio_00002.wav,1,1,0
top10_audio_parallel_meta,folder,audio_00001.wav,1,1,0
top10_audio_parallel_meta,folder,audio_00000.wav,1,1,0
top10_audio_parallel,folder,audio_00008.wav,1,1,0
all_audio_with_jsonl,folder,audio_01532.wav,1,1,0
top10_audio_parallel,folder,audio_00007.wav,1,1,0
top10_audio_parallel,folder,audio_00006.wav,1,1,0
top10_audio_parallel,folder,audio_00005.wav,1,1,0
top10_audio_parallel,folder,audio_00004.wav,1,1,0
top10_audio_parallel,folder,audio_00003.wav,1,1,0
top10_audio_parallel,folder,audio_00002.wav,1,1,0
top10_audio_parallel,folder,audio_00001.wav,1,1,0
top10_audio_parallel,folder,audio_00000.wav,1,1,0
all_audio_with_jsonl,folder,audio_01533.wav,1,1,0
all_audio_with_jsonl,folder,audio_01508.wav,1,1,0
all_audio_with_jsonl,folder,audio_01507.wav,1,1,0
all_audio_with_jsonl,folder,audio_01506.wav,1,1,0
all_audio_with_jsonl,folder,audio_01471.wav,1,1,0
all_audio_with_jsonl,folder,audio_01480.wav,1,1,0
all_audio_with_jsonl,folder,audio_01479.wav,1,1,0
all_audio_with_jsonl,folder,audio_01478.wav,1,1,0
all_audio_with_jsonl,folder,audio_01477.wav,1,1,0
all_audio_with_jsonl,folder,audio_01476.wav,1,1,0
all_audio_with_jsonl,folder,audio_01475.wav,1,1,0
all_audio_with_jsonl,folder,audio_01474.wav,1,1,0
all_audio_with_jsonl,folder,audio_01473.wav,1,1,0
all_audio_with_jsonl,folder,audio_01472.wav,1,1,0
all_audio_with_jsonl,folder,audio_01470.wav,1,1,0
all_audio_with_jsonl,folder,audio_01505.wav,1,1,0
all_audio_with_jsonl,folder,audio_01469.wav,1,1,0
all_audio_with_jsonl,folder,audio_01468.wav,1,1,0
all_audio_with_jsonl,folder,audio_01467.wav,1,1,0
all_audio_with_jsonl,folder,audio_01466.wav,1,1,0
all_audio_with_jsonl,folder,audio_01465.wav,1,1,0
all_audio_with_jsonl,folder,audio_01464.wav,1,1,0
all_audio_with_jsonl,folder,audio_01463.wav,1,1,0
all_audio_with_jsonl,folder,audio_01462.wav,1,1,0
all_audio_with_jsonl,folder,audio_01461.wav,1,1,0
all_audio_with_jsonl,folder,audio_01481.wav,1,1,0
all_audio_with_jsonl,folder,audio_01482.wav,1,1,0
all_audio_with_jsonl,folder,audio_01483.wav,1,1,0
all_audio_with_jsonl,folder,audio_01484.wav,1,1,0
all_audio_with_jsonl,folder,audio_01504.wav,1,1,0
all_audio_with_jsonl,folder,audio_01503.wav,1,1,0
all_audio_with_jsonl,folder,audio_01502.wav,1,1,0
all_audio_with_jsonl,folder,audio_01501.wav,1,1,0
all_audio_with_jsonl,folder,audio_01500.wav,1,1,0
all_audio_with_jsonl,folder,audio_01499.wav,1,1,0
all_audio_with_jsonl,folder,audio_01498.wav,1,1,0
all_audio_with_jsonl,folder,audio_01497.wav,1,1,0
all_audio_with_jsonl,folder,audio_01496.wav,1,1,0
all_audio_with_jsonl,folder,audio_01495.wav,1,1,0
all_audio_with_jsonl,folder,audio_01494.wav,1,1,0
all_audio_with_jsonl,folder,audio_01493.wav,1,1,0
all_audio_with_jsonl,folder,audio_01492.wav,1,1,0
all_audio_with_jsonl,folder,audio_01491.wav,1,1,0
all_audio_with_jsonl,folder,audio_01490.wav,1,1,0
all_audio_with_jsonl,folder,audio_01489.wav,1,1,0
all_audio_with_jsonl,folder,audio_01488.wav,1,1,0
all_audio_with_jsonl,folder,audio_01486.wav,1,1,0
all_audio_with_jsonl,folder,audio_01485.wav,1,1,0
all_audio_with_jsonl,folder,audio_01361.wav,1,1,0
all_audio_with_jsonl,folder,audio_01360.wav,1,1,0
all_audio_with_jsonl,folder,audio_01359.wav,1,1,0
all_audio_with_jsonl,folder,audio_01227.wav,1,1,0
all_audio_with_jsonl,folder,audio_01236.wav,1,1,0
all_audio_with_jsonl,folder,audio_01235.wav,1,1,0
all_audio_with_jsonl,folder,audio_01234.wav,1,1,0
all_audio_with_jsonl,folder,audio_01233.wav,1,1,0
all_audio_with_jsonl,folder,audio_01232.wav,1,1,0
all_audio_with_jsonl,folder,audio_01231.wav,1,1,0
all_audio_with_jsonl,folder,audio_01230.wav,1,1,0
all_audio_with_jsonl,folder,audio_01229.wav,1,1,0
all_audio_with_jsonl,folder,audio_01228.wav,1,1,0
all_audio_with_jsonl,folder,audio_01226.wav,1,1,0
all_audio_with_jsonl,folder,audio_01238.wav,1,1,0
all_audio_with_jsonl,folder,audio_01225.wav,1,1,0
all_audio_with_jsonl,folder,audio_01224.wav,1,1,0
all_audio_with_jsonl,folder,audio_01223.wav,1,1,0
all_audio_with_jsonl,folder,audio_01222.wav,1,1,0
all_audio_with_jsonl,folder,audio_01221.wav,1,1,0
all_audio_with_jsonl,folder,audio_01220.wav,1,1,0
all_audio_with_jsonl,folder,audio_01219.wav,1,1,0
all_audio_with_jsonl,folder,audio_01218.wav,1,1,0
all_audio_with_jsonl,folder,audio_01217.wav,1,1,0
all_audio_with_jsonl,folder,audio_01237.wav,1,1,0
all_audio_with_jsonl,folder,audio_01239.wav,1,1,0
all_audio_with_jsonl,folder,audio_01262.wav,1,1,0
all_audio_with_jsonl,folder,audio_01251.wav,1,1,0
all_audio_with_jsonl,folder,audio_01260.wav,1,1,0
all_audio_with_jsonl,folder,audio_01259.wav,1,1,0
all_audio_with_jsonl,folder,audio_01258.wav,1,1,0
all_audio_with_jsonl,folder,audio_01257.wav,1,1,0
all_audio_with_jsonl,folder,audio_01256.wav,1,1,0
all_audio_with_jsonl,folder,audio_01255.wav,1,1,0
all_audio_with_jsonl,folder,audio_01254.wav,1,1,0
all_audio_with_jsonl,folder,audio_01253.wav,1,1,0
all_audio_with_jsonl,folder,audio_01252.wav,1,1,0
all_audio_with_jsonl,folder,audio_01250.wav,1,1,0
all_audio_with_jsonl,folder,audio_01240.wav,1,1,0
all_audio_with_jsonl,folder,audio_01249.wav,1,1,0
all_audio_with_jsonl,folder,audio_01248.wav,1,1,0
all_audio_with_jsonl,folder,audio_01247.wav,1,1,0
all_audio_with_jsonl,folder,audio_01246.wav,1,1,0
all_audio_with_jsonl,folder,audio_01245.wav,1,1,0
all_audio_with_jsonl,folder,audio_01244.wav,1,1,0
all_audio_with_jsonl,folder,audio_01243.wav,1,1,0
all_audio_with_jsonl,folder,audio_01242.wav,1,1,0
all_audio_with_jsonl,folder,audio_01241.wav,1,1,0
all_audio_with_jsonl,folder,audio_01216.wav,1,1,0
all_audio_with_jsonl,folder,audio_01215.wav,1,1,0
all_audio_with_jsonl,folder,audio_01214.wav,1,1,0
all_audio_with_jsonl,folder,audio_01179.wav,1,1,0
all_audio_with_jsonl,folder,audio_01188.wav,1,1,0
all_audio_with_jsonl,folder,audio_01187.wav,1,1,0
all_audio_with_jsonl,folder,audio_01186.wav,1,1,0
all_audio_with_jsonl,folder,audio_01185.wav,1,1,0
all_audio_with_jsonl,folder,audio_01184.wav,1,1,0
all_audio_with_jsonl,folder,audio_01183.wav,1,1,0
all_audio_with_jsonl,folder,audio_01182.wav,1,1,0
all_audio_with_jsonl,folder,audio_01181.wav,1,1,0
all_audio_with_jsonl,folder,audio_01180.wav,1,1,0
all_audio_with_jsonl,folder,audio_01178.wav,1,1,0
all_audio_with_jsonl,folder,audio_01213.wav,1,1,0
all_audio_with_jsonl,folder,audio_01177.wav,1,1,0
all_audio_with_jsonl,folder,audio_01176.wav,1,1,0
all_audio_with_jsonl,folder,audio_01175.wav,1,1,0
all_audio_with_jsonl,folder,audio_01174.wav,1,1,0
all_audio_with_jsonl,folder,audio_01173.wav,1,1,0
all_audio_with_jsonl,folder,audio_01172.wav,1,1,0
all_audio_with_jsonl,folder,audio_01171.wav,1,1,0
all_audio_with_jsonl,folder,audio_01170.wav,1,1,0
all_audio_with_jsonl,folder,audio_01169.wav,1,1,0
all_audio_with_jsonl,folder,audio_01189.wav,1,1,0
all_audio_with_jsonl,folder,audio_01190.wav,1,1,0
all_audio_with_jsonl,folder,audio_01191.wav,1,1,0
all_audio_with_jsonl,folder,audio_01192.wav,1,1,0
all_audio_with_jsonl,folder,audio_01212.wav,1,1,0
all_audio_with_jsonl,folder,audio_01211.wav,1,1,0
all_audio_with_jsonl,folder,audio_01210.wav,1,1,0
all_audio_with_jsonl,folder,audio_01209.wav,1,1,0
all_audio_with_jsonl,folder,audio_01208.wav,1,1,0
all_audio_with_jsonl,folder,audio_01207.wav,1,1,0
all_audio_with_jsonl,folder,audio_01206.wav,1,1,0
all_audio_with_jsonl,folder,audio_01205.wav,1,1,0
all_audio_with_jsonl,folder,audio_01204.wav,1,1,0
all_audio_with_jsonl,folder,audio_01203.wav,1,1,0
all_audio_with_jsonl,folder,audio_01202.wav,1,1,0
all_audio_with_jsonl,folder,audio_01201.wav,1,1,0
all_audio_with_jsonl,folder,audio_01200.wav,1,1,0
all_audio_with_jsonl,folder,audio_01199.wav,1,1,0
all_audio_with_jsonl,folder,audio_01198.wav,1,1,0
all_audio_with_jsonl,folder,audio_01196.wav,1,1,0
all_audio_with_jsonl,folder,audio_01195.wav,1,1,0
all_audio_with_jsonl,folder,audio_01194.wav,1,1,0
all_audio_with_jsonl,folder,audio_01193.wav,1,1,0
all_audio_with_jsonl,folder,audio_01261.wav,1,1,0
all_audio_with_jsonl,folder,audio_01263.wav,1,1,0
all_audio_with_jsonl,folder,audio_01358.wav,1,1,0
all_audio_with_jsonl,folder,audio_01323.wav,1,1,0
all_audio_with_jsonl,folder,audio_01332.wav,1,1,0
all_audio_with_jsonl,folder,audio_01331.wav,1,1,0
all_audio_with_jsonl,folder,audio_01330.wav,1,1,0
all_audio_with_jsonl,folder,audio_01329.wav,1,1,0
all_audio_with_jsonl,folder,audio_01328.wav,1,1,0
all_audio_with_jsonl,folder,audio_01327.wav,1,1,0
all_audio_with_jsonl,folder,audio_01326.wav,1,1,0
all_audio_with_jsonl,folder,audio_01325.wav,1,1,0
all_audio_with_jsonl,folder,audio_01324.wav,1,1,0
all_audio_with_jsonl,folder,audio_01322.wav,1,1,0
all_audio_with_jsonl,folder,audio_01334.wav,1,1,0
all_audio_with_jsonl,folder,audio_01321.wav,1,1,0
all_audio_with_jsonl,folder,audio_01320.wav,1,1,0
all_audio_with_jsonl,folder,audio_01319.wav,1,1,0
all_audio_with_jsonl,folder,audio_01318.wav,1,1,0
all_audio_with_jsonl,folder,audio_01317.wav,1,1,0
all_audio_with_jsonl,folder,audio_01316.wav,1,1,0
all_audio_with_jsonl,folder,audio_01315.wav,1,1,0
all_audio_with_jsonl,folder,audio_01314.wav,1,1,0
all_audio_with_jsonl,folder,audio_01313.wav,1,1,0
all_audio_with_jsonl,folder,audio_01333.wav,1,1,0
all_audio_with_jsonl,folder,audio_01335.wav,1,1,0
all_audio_with_jsonl,folder,audio_01264.wav,1,1,0
all_audio_with_jsonl,folder,audio_01347.wav,1,1,0
all_audio_with_jsonl,folder,audio_01357.wav,1,1,0
all_audio_with_jsonl,folder,audio_01356.wav,1,1,0
all_audio_with_jsonl,folder,audio_01355.wav,1,1,0
all_audio_with_jsonl,folder,audio_01354.wav,1,1,0
all_audio_with_jsonl,folder,audio_01352.wav,1,1,0
all_audio_with_jsonl,folder,audio_01351.wav,1,1,0
all_audio_with_jsonl,folder,audio_01350.wav,1,1,0
all_audio_with_jsonl,folder,audio_01349.wav,1,1,0
all_audio_with_jsonl,folder,audio_01348.wav,1,1,0
all_audio_with_jsonl,folder,audio_01346.wav,1,1,0
all_audio_with_jsonl,folder,audio_01336.wav,1,1,0
all_audio_with_jsonl,folder,audio_01345.wav,1,1,0
all_audio_with_jsonl,folder,audio_01344.wav,1,1,0
all_audio_with_jsonl,folder,audio_01343.wav,1,1,0
all_audio_with_jsonl,folder,audio_01342.wav,1,1,0
all_audio_with_jsonl,folder,audio_01341.wav,1,1,0
all_audio_with_jsonl,folder,audio_01340.wav,1,1,0
all_audio_with_jsonl,folder,audio_01339.wav,1,1,0
all_audio_with_jsonl,folder,audio_01338.wav,1,1,0
all_audio_with_jsonl,folder,audio_01337.wav,1,1,0
all_audio_with_jsonl,folder,audio_01312.wav,1,1,0
all_audio_with_jsonl,folder,audio_01311.wav,1,1,0
all_audio_with_jsonl,folder,audio_01310.wav,1,1,0
all_audio_with_jsonl,folder,audio_01275.wav,1,1,0
all_audio_with_jsonl,folder,audio_01284.wav,1,1,0
all_audio_with_jsonl,folder,audio_01283.wav,1,1,0
all_audio_with_jsonl,folder,audio_01282.wav,1,1,0
all_audio_with_jsonl,folder,audio_01281.wav,1,1,0
all_audio_with_jsonl,folder,audio_01280.wav,1,1,0
all_audio_with_jsonl,folder,audio_01279.wav,1,1,0
all_audio_with_jsonl,folder,audio_01278.wav,1,1,0
all_audio_with_jsonl,folder,audio_01277.wav,1,1,0
all_audio_with_jsonl,folder,audio_01276.wav,1,1,0
all_audio_with_jsonl,folder,audio_01274.wav,1,1,0
all_audio_with_jsonl,folder,audio_01309.wav,1,1,0
all_audio_with_jsonl,folder,audio_01273.wav,1,1,0
all_audio_with_jsonl,folder,audio_01272.wav,1,1,0
all_audio_with_jsonl,folder,audio_01271.wav,1,1,0
all_audio_with_jsonl,folder,audio_01270.wav,1,1,0
all_audio_with_jsonl,folder,audio_01269.wav,1,1,0
all_audio_with_jsonl,folder,audio_01268.wav,1,1,0
all_audio_with_jsonl,folder,audio_01267.wav,1,1,0
all_audio_with_jsonl,folder,audio_01266.wav,1,1,0
all_audio_with_jsonl,folder,audio_01265.wav,1,1,0
all_audio_with_jsonl,folder,audio_01285.wav,1,1,0
all_audio_with_jsonl,folder,audio_01286.wav,1,1,0
all_audio_with_jsonl,folder,audio_01287.wav,1,1,0
all_audio_with_jsonl,folder,audio_01288.wav,1,1,0
all_audio_with_jsonl,folder,audio_01308.wav,1,1,0
all_audio_with_jsonl,folder,audio_01306.wav,1,1,0
all_audio_with_jsonl,folder,audio_01305.wav,1,1,0
all_audio_with_jsonl,folder,audio_01304.wav,1,1,0
all_audio_with_jsonl,folder,audio_01303.wav,1,1,0
all_audio_with_jsonl,folder,audio_01302.wav,1,1,0
all_audio_with_jsonl,folder,audio_01301.wav,1,1,0
all_audio_with_jsonl,folder,audio_01300.wav,1,1,0
all_audio_with_jsonl,folder,audio_01299.wav,1,1,0
all_audio_with_jsonl,folder,audio_01298.wav,1,1,0
all_audio_with_jsonl,folder,audio_01297.wav,1,1,0
all_audio_with_jsonl,folder,audio_01296.wav,1,1,0
all_audio_with_jsonl,folder,audio_01295.wav,1,1,0
all_audio_with_jsonl,folder,audio_01294.wav,1,1,0
all_audio_with_jsonl,folder,audio_01293.wav,1,1,0
all_audio_with_jsonl,folder,audio_01292.wav,1,1,0
all_audio_with_jsonl,folder,audio_01291.wav,1,1,0
all_audio_with_jsonl,folder,audio_01290.wav,1,1,0
all_audio_with_jsonl,folder,audio_01289.wav,1,1,0
all_audio_with_jsonl,folder,audio_00779.wav,1,1,0
all_audio_with_jsonl,folder,audio_00778.wav,1,1,0
all_audio_with_jsonl,folder,audio_00777.wav,1,1,0
all_audio_with_jsonl,folder,audio_00253.wav,1,1,0
all_audio_with_jsonl,folder,audio_00262.wav,1,1,0
all_audio_with_jsonl,folder,audio_00261.wav,1,1,0
all_audio_with_jsonl,folder,audio_00260.wav,1,1,0
all_audio_with_jsonl,folder,audio_00259.wav,1,1,0
all_audio_with_jsonl,folder,audio_00258.wav,1,1,0
all_audio_with_jsonl,folder,audio_00257.wav,1,1,0
all_audio_with_jsonl,folder,audio_00256.wav,1,1,0
all_audio_with_jsonl,folder,audio_00255.wav,1,1,0
all_audio_with_jsonl,folder,audio_00254.wav,1,1,0
all_audio_with_jsonl,folder,audio_00252.wav,1,1,0
all_audio_with_jsonl,folder,audio_00264.wav,1,1,0
all_audio_with_jsonl,folder,audio_00251.wav,1,1,0
all_audio_with_jsonl,folder,audio_00250.wav,1,1,0
all_audio_with_jsonl,folder,audio_00249.wav,1,1,0
all_audio_with_jsonl,folder,audio_00248.wav,1,1,0
all_audio_with_jsonl,folder,audio_00247.wav,1,1,0
all_audio_with_jsonl,folder,audio_00246.wav,1,1,0
all_audio_with_jsonl,folder,audio_00245.wav,1,1,0
all_audio_with_jsonl,folder,audio_00244.wav,1,1,0
all_audio_with_jsonl,folder,audio_00243.wav,1,1,0
all_audio_with_jsonl,folder,audio_00263.wav,1,1,0
all_audio_with_jsonl,folder,audio_00265.wav,1,1,0
all_audio_with_jsonl,folder,audio_00241.wav,1,1,0
all_audio_with_jsonl,folder,audio_00277.wav,1,1,0
all_audio_with_jsonl,folder,audio_00286.wav,1,1,0
all_audio_with_jsonl,folder,audio_00285.wav,1,1,0
all_audio_with_jsonl,folder,audio_00284.wav,1,1,0
all_audio_with_jsonl,folder,audio_00283.wav,1,1,0
all_audio_with_jsonl,folder,audio_00282.wav,1,1,0
all_audio_with_jsonl,folder,audio_00281.wav,1,1,0
all_audio_with_jsonl,folder,audio_00280.wav,1,1,0
all_audio_with_jsonl,folder,audio_00279.wav,1,1,0
all_audio_with_jsonl,folder,audio_00278.wav,1,1,0
all_audio_with_jsonl,folder,audio_00276.wav,1,1,0
all_audio_with_jsonl,folder,audio_00266.wav,1,1,0
all_audio_with_jsonl,folder,audio_00275.wav,1,1,0
all_audio_with_jsonl,folder,audio_00274.wav,1,1,0
all_audio_with_jsonl,folder,audio_00273.wav,1,1,0
all_audio_with_jsonl,folder,audio_00272.wav,1,1,0
all_audio_with_jsonl,folder,audio_00271.wav,1,1,0
all_audio_with_jsonl,folder,audio_00270.wav,1,1,0
all_audio_with_jsonl,folder,audio_00269.wav,1,1,0
all_audio_with_jsonl,folder,audio_00268.wav,1,1,0
all_audio_with_jsonl,folder,audio_00267.wav,1,1,0
all_audio_with_jsonl,folder,audio_00242.wav,1,1,0
all_audio_with_jsonl,folder,audio_00240.wav,1,1,0
all_audio_with_jsonl,folder,audio_00385.wav,1,1,0
all_audio_with_jsonl,folder,audio_00205.wav,1,1,0
all_audio_with_jsonl,folder,audio_00214.wav,1,1,0
all_audio_with_jsonl,folder,audio_00213.wav,1,1,0
all_audio_with_jsonl,folder,audio_00212.wav,1,1,0
all_audio_with_jsonl,folder,audio_00211.wav,1,1,0
all_audio_with_jsonl,folder,audio_00210.wav,1,1,0
all_audio_with_jsonl,folder,audio_00209.wav,1,1,0
all_audio_with_jsonl,folder,audio_00208.wav,1,1,0
all_audio_with_jsonl,folder,audio_00207.wav,1,1,0
all_audio_with_jsonl,folder,audio_00206.wav,1,1,0
all_audio_with_jsonl,folder,audio_00204.wav,1,1,0
all_audio_with_jsonl,folder,audio_00216.wav,1,1,0
all_audio_with_jsonl,folder,audio_00203.wav,1,1,0
all_audio_with_jsonl,folder,audio_00202.wav,1,1,0
all_audio_with_jsonl,folder,audio_00201.wav,1,1,0
all_audio_with_jsonl,folder,audio_00200.wav,1,1,0
all_audio_with_jsonl,folder,audio_00199.wav,1,1,0
all_audio_with_jsonl,folder,audio_00198.wav,1,1,0
all_audio_with_jsonl,folder,audio_00197.wav,1,1,0
all_audio_with_jsonl,folder,audio_00196.wav,1,1,0
all_audio_with_jsonl,folder,audio_00195.wav,1,1,0
all_audio_with_jsonl,folder,audio_00215.wav,1,1,0
all_audio_with_jsonl,folder,audio_00217.wav,1,1,0
all_audio_with_jsonl,folder,audio_00239.wav,1,1,0
all_audio_with_jsonl,folder,audio_00229.wav,1,1,0
all_audio_with_jsonl,folder,audio_00238.wav,1,1,0
all_audio_with_jsonl,folder,audio_00237.wav,1,1,0
all_audio_with_jsonl,folder,audio_00236.wav,1,1,0
all_audio_with_jsonl,folder,audio_00235.wav,1,1,0
all_audio_with_jsonl,folder,audio_00234.wav,1,1,0
all_audio_with_jsonl,folder,audio_00233.wav,1,1,0
all_audio_with_jsonl,folder,audio_00232.wav,1,1,0
all_audio_with_jsonl,folder,audio_00231.wav,1,1,0
all_audio_with_jsonl,folder,audio_00230.wav,1,1,0
all_audio_with_jsonl,folder,audio_00228.wav,1,1,0
all_audio_with_jsonl,folder,audio_00218.wav,1,1,0
all_audio_with_jsonl,folder,audio_00227.wav,1,1,0
all_audio_with_jsonl,folder,audio_00226.wav,1,1,0
all_audio_with_jsonl,folder,audio_00225.wav,1,1,0
all_audio_with_jsonl,folder,audio_00224.wav,1,1,0
all_audio_with_jsonl,folder,audio_00223.wav,1,1,0
all_audio_with_jsonl,folder,audio_00222.wav,1,1,0
all_audio_with_jsonl,folder,audio_00221.wav,1,1,0
all_audio_with_jsonl,folder,audio_00220.wav,1,1,0
all_audio_with_jsonl,folder,audio_00219.wav,1,1,0
all_audio_with_jsonl,folder,audio_00287.wav,1,1,0
all_audio_with_jsonl,folder,audio_00288.wav,1,1,0
all_audio_with_jsonl,folder,audio_00289.wav,1,1,0
all_audio_with_jsonl,folder,audio_00350.wav,1,1,0
all_audio_with_jsonl,folder,audio_00359.wav,1,1,0
all_audio_with_jsonl,folder,audio_00358.wav,1,1,0
all_audio_with_jsonl,folder,audio_00357.wav,1,1,0
all_audio_with_jsonl,folder,audio_00356.wav,1,1,0
all_audio_with_jsonl,folder,audio_00355.wav,1,1,0
all_audio_with_jsonl,folder,audio_00354.wav,1,1,0
all_audio_with_jsonl,folder,audio_00353.wav,1,1,0
all_audio_with_jsonl,folder,audio_00352.wav,1,1,0
all_audio_with_jsonl,folder,audio_00351.wav,1,1,0
all_audio_with_jsonl,folder,audio_00349.wav,1,1,0
all_audio_with_jsonl,folder,audio_00361.wav,1,1,0
all_audio_with_jsonl,folder,audio_00348.wav,1,1,0
all_audio_with_jsonl,folder,audio_00347.wav,1,1,0
all_audio_with_jsonl,folder,audio_00346.wav,1,1,0
all_audio_with_jsonl,folder,audio_00345.wav,1,1,0
all_audio_with_jsonl,folder,audio_00344.wav,1,1,0
all_audio_with_jsonl,folder,audio_00343.wav,1,1,0
all_audio_with_jsonl,folder,audio_00342.wav,1,1,0
all_audio_with_jsonl,folder,audio_00341.wav,1,1,0
all_audio_with_jsonl,folder,audio_00340.wav,1,1,0
all_audio_with_jsonl,folder,audio_00360.wav,1,1,0
all_audio_with_jsonl,folder,audio_00362.wav,1,1,0
all_audio_with_jsonl,folder,audio_00290.wav,1,1,0
all_audio_with_jsonl,folder,audio_00374.wav,1,1,0
all_audio_with_jsonl,folder,audio_00383.wav,1,1,0
all_audio_with_jsonl,folder,audio_00382.wav,1,1,0
all_audio_with_jsonl,folder,audio_00381.wav,1,1,0
all_audio_with_jsonl,folder,audio_00380.wav,1,1,0
all_audio_with_jsonl,folder,audio_00379.wav,1,1,0
all_audio_with_jsonl,folder,audio_00378.wav,1,1,0
all_audio_with_jsonl,folder,audio_00377.wav,1,1,0
all_audio_with_jsonl,folder,audio_00376.wav,1,1,0
all_audio_with_jsonl,folder,audio_00375.wav,1,1,0
all_audio_with_jsonl,folder,audio_00373.wav,1,1,0
all_audio_with_jsonl,folder,audio_00363.wav,1,1,0
all_audio_with_jsonl,folder,audio_00372.wav,1,1,0
all_audio_with_jsonl,folder,audio_00371.wav,1,1,0
all_audio_with_jsonl,folder,audio_00370.wav,1,1,0
all_audio_with_jsonl,folder,audio_00369.wav,1,1,0
all_audio_with_jsonl,folder,audio_00368.wav,1,1,0
all_audio_with_jsonl,folder,audio_00367.wav,1,1,0
all_audio_with_jsonl,folder,audio_00366.wav,1,1,0
all_audio_with_jsonl,folder,audio_00365.wav,1,1,0
all_audio_with_jsonl,folder,audio_00364.wav,1,1,0
all_audio_with_jsonl,folder,audio_00339.wav,1,1,0
all_audio_with_jsonl,folder,audio_00338.wav,1,1,0
all_audio_with_jsonl,folder,audio_00337.wav,1,1,0
all_audio_with_jsonl,folder,audio_00301.wav,1,1,0
all_audio_with_jsonl,folder,audio_00311.wav,1,1,0
all_audio_with_jsonl,folder,audio_00309.wav,1,1,0
all_audio_with_jsonl,folder,audio_00308.wav,1,1,0
all_audio_with_jsonl,folder,audio_00307.wav,1,1,0
all_audio_with_jsonl,folder,audio_00306.wav,1,1,0
all_audio_with_jsonl,folder,audio_00305.wav,1,1,0
all_audio_with_jsonl,folder,audio_00304.wav,1,1,0
all_audio_with_jsonl,folder,audio_00303.wav,1,1,0
all_audio_with_jsonl,folder,audio_00302.wav,1,1,0
all_audio_with_jsonl,folder,audio_00300.wav,1,1,0
all_audio_with_jsonl,folder,audio_00336.wav,1,1,0
all_audio_with_jsonl,folder,audio_00299.wav,1,1,0
all_audio_with_jsonl,folder,audio_00298.wav,1,1,0
all_audio_with_jsonl,folder,audio_00297.wav,1,1,0
all_audio_with_jsonl,folder,audio_00296.wav,1,1,0
all_audio_with_jsonl,folder,audio_00295.wav,1,1,0
all_audio_with_jsonl,folder,audio_00294.wav,1,1,0
all_audio_with_jsonl,folder,audio_00293.wav,1,1,0
all_audio_with_jsonl,folder,audio_00292.wav,1,1,0
all_audio_with_jsonl,folder,audio_00291.wav,1,1,0
all_audio_with_jsonl,folder,audio_00312.wav,1,1,0
all_audio_with_jsonl,folder,audio_00313.wav,1,1,0
all_audio_with_jsonl,folder,audio_00314.wav,1,1,0
all_audio_with_jsonl,folder,audio_00315.wav,1,1,0
all_audio_with_jsonl,folder,audio_00335.wav,1,1,0
all_audio_with_jsonl,folder,audio_00334.wav,1,1,0
all_audio_with_jsonl,folder,audio_00333.wav,1,1,0
all_audio_with_jsonl,folder,audio_00332.wav,1,1,0
all_audio_with_jsonl,folder,audio_00331.wav,1,1,0
all_audio_with_jsonl,folder,audio_00330.wav,1,1,0
all_audio_with_jsonl,folder,audio_00329.wav,1,1,0
all_audio_with_jsonl,folder,audio_00328.wav,1,1,0
all_audio_with_jsonl,folder,audio_00327.wav,1,1,0
all_audio_with_jsonl,folder,audio_00326.wav,1,1,0
all_audio_with_jsonl,folder,audio_00325.wav,1,1,0
all_audio_with_jsonl,folder,audio_00324.wav,1,1,0
all_audio_with_jsonl,folder,audio_00323.wav,1,1,0
all_audio_with_jsonl,folder,audio_00322.wav,1,1,0
all_audio_with_jsonl,folder,audio_00320.wav,1,1,0
all_audio_with_jsonl,folder,audio_00319.wav,1,1,0
all_audio_with_jsonl,folder,audio_00318.wav,1,1,0
all_audio_with_jsonl,folder,audio_00317.wav,1,1,0
all_audio_with_jsonl,folder,audio_00316.wav,1,1,0
all_audio_with_jsonl,folder,audio_00194.wav,1,1,0
all_audio_with_jsonl,folder,audio_00193.wav,1,1,0
all_audio_with_jsonl,folder,audio_00192.wav,1,1,0
all_audio_with_jsonl,folder,audio_00060.wav,1,1,0
all_audio_with_jsonl,folder,audio_00070.wav,1,1,0
all_audio_with_jsonl,folder,audio_00069.wav,1,1,0
all_audio_with_jsonl,folder,audio_00068.wav,1,1,0
all_audio_with_jsonl,folder,audio_00066.wav,1,1,0
all_audio_with_jsonl,folder,audio_00065.wav,1,1,0
all_audio_with_jsonl,folder,audio_00064.wav,1,1,0
all_audio_with_jsonl,folder,audio_00063.wav,1,1,0
all_audio_with_jsonl,folder,audio_00062.wav,1,1,0
all_audio_with_jsonl,folder,audio_00061.wav,1,1,0
all_audio_with_jsonl,folder,audio_00059.wav,1,1,0
all_audio_with_jsonl,folder,audio_00072.wav,1,1,0
all_audio_with_jsonl,folder,audio_00058.wav,1,1,0
all_audio_with_jsonl,folder,audio_00057.wav,1,1,0
all_audio_with_jsonl,folder,audio_00056.wav,1,1,0
all_audio_with_jsonl,folder,audio_00055.wav,1,1,0
all_audio_with_jsonl,folder,audio_00053.wav,1,1,0
all_audio_with_jsonl,folder,audio_00052.wav,1,1,0
all_audio_with_jsonl,folder,audio_00051.wav,1,1,0
all_audio_with_jsonl,folder,audio_00050.wav,1,1,0
all_audio_with_jsonl,folder,audio_00049.wav,1,1,0
all_audio_with_jsonl,folder,audio_00071.wav,1,1,0
all_audio_with_jsonl,folder,audio_00073.wav,1,1,0
all_audio_with_jsonl,folder,audio_00097.wav,1,1,0
all_audio_with_jsonl,folder,audio_00085.wav,1,1,0
all_audio_with_jsonl,folder,audio_00095.wav,1,1,0
all_audio_with_jsonl,folder,audio_00094.wav,1,1,0
all_audio_with_jsonl,folder,audio_00093.wav,1,1,0
all_audio_with_jsonl,folder,audio_00092.wav,1,1,0
all_audio_with_jsonl,folder,audio_00091.wav,1,1,0
all_audio_with_jsonl,folder,audio_00090.wav,1,1,0
all_audio_with_jsonl,folder,audio_00089.wav,1,1,0
all_audio_with_jsonl,folder,audio_00088.wav,1,1,0
all_audio_with_jsonl,folder,audio_00086.wav,1,1,0
all_audio_with_jsonl,folder,audio_00084.wav,1,1,0
all_audio_with_jsonl,folder,audio_00074.wav,1,1,0
all_audio_with_jsonl,folder,audio_00083.wav,1,1,0
all_audio_with_jsonl,folder,audio_00082.wav,1,1,0
all_audio_with_jsonl,folder,audio_00081.wav,1,1,0
all_audio_with_jsonl,folder,audio_00080.wav,1,1,0
all_audio_with_jsonl,folder,audio_00079.wav,1,1,0
all_audio_with_jsonl,folder,audio_00078.wav,1,1,0
all_audio_with_jsonl,folder,audio_00077.wav,1,1,0
all_audio_with_jsonl,folder,audio_00076.wav,1,1,0
all_audio_with_jsonl,folder,audio_00075.wav,1,1,0
all_audio_with_jsonl,folder,audio_00048.wav,1,1,0
all_audio_with_jsonl,folder,audio_00047.wav,1,1,0
all_audio_with_jsonl,folder,audio_00046.wav,1,1,0
all_audio_with_jsonl,folder,audio_00012.wav,1,1,0
all_audio_with_jsonl,folder,audio_00021.wav,1,1,0
all_audio_with_jsonl,folder,audio_00020.wav,1,1,0
all_audio_with_jsonl,folder,audio_00019.wav,1,1,0
all_audio_with_jsonl,folder,audio_00018.wav,1,1,0
all_audio_with_jsonl,folder,audio_00017.wav,1,1,0
all_audio_with_jsonl,folder,audio_00016.wav,1,1,0
all_audio_with_jsonl,folder,audio_00015.wav,1,1,0
all_audio_with_jsonl,folder,audio_00014.wav,1,1,0
all_audio_with_jsonl,folder,audio_00013.wav,1,1,0
all_audio_with_jsonl,folder,audio_00011.wav,1,1,0
all_audio_with_jsonl,folder,audio_00045.wav,1,1,0
all_audio_with_jsonl,folder,audio_00010.wav,1,1,0
all_audio_with_jsonl,folder,audio_00009.wav,1,1,0
all_audio_with_jsonl,folder,audio_00008.wav,1,1,0
all_audio_with_jsonl,folder,audio_00007.wav,1,1,0
all_audio_with_jsonl,folder,audio_00006.wav,1,1,0
all_audio_with_jsonl,folder,audio_00005.wav,1,1,0
all_audio_with_jsonl,folder,audio_00004.wav,1,1,0
all_audio_with_jsonl,folder,audio_00003.wav,1,1,0
all_audio_with_jsonl,folder,audio_00002.wav,1,1,0
all_audio_with_jsonl,folder,audio_00022.wav,1,1,0
all_audio_with_jsonl,folder,audio_00023.wav,1,1,0
all_audio_with_jsonl,folder,audio_00024.wav,1,1,0
all_audio_with_jsonl,folder,audio_00025.wav,1,1,0
all_audio_with_jsonl,folder,audio_00044.wav,1,1,0
all_audio_with_jsonl,folder,audio_00043.wav,1,1,0
all_audio_with_jsonl,folder,audio_00042.wav,1,1,0
all_audio_with_jsonl,folder,audio_00041.wav,1,1,0
all_audio_with_jsonl,folder,audio_00040.wav,1,1,0
all_audio_with_jsonl,folder,audio_00039.wav,1,1,0
all_audio_with_jsonl,folder,audio_00038.wav,1,1,0
all_audio_with_jsonl,folder,audio_00037.wav,1,1,0
all_audio_with_jsonl,folder,audio_00036.wav,1,1,0
all_audio_with_jsonl,folder,audio_00035.wav,1,1,0
all_audio_with_jsonl,folder,audio_00034.wav,1,1,0
all_audio_with_jsonl,folder,audio_00033.wav,1,1,0
all_audio_with_jsonl,folder,audio_00032.wav,1,1,0
all_audio_with_jsonl,folder,audio_00031.wav,1,1,0
all_audio_with_jsonl,folder,audio_00030.wav,1,1,0
all_audio_with_jsonl,folder,audio_00029.wav,1,1,0
all_audio_with_jsonl,folder,audio_00028.wav,1,1,0
all_audio_with_jsonl,folder,audio_00027.wav,1,1,0
all_audio_with_jsonl,folder,audio_00026.wav,1,1,0
all_audio_with_jsonl,folder,audio_00096.wav,1,1,0
all_audio_with_jsonl,folder,audio_00098.wav,1,1,0
all_audio_with_jsonl,folder,audio_00191.wav,1,1,0
all_audio_with_jsonl,folder,audio_00157.wav,1,1,0
all_audio_with_jsonl,folder,audio_00166.wav,1,1,0
all_audio_with_jsonl,folder,audio_00165.wav,1,1,0
all_audio_with_jsonl,folder,audio_00164.wav,1,1,0
all_audio_with_jsonl,folder,audio_00163.wav,1,1,0
all_audio_with_jsonl,folder,audio_00162.wav,1,1,0
all_audio_with_jsonl,folder,audio_00161.wav,1,1,0
all_audio_with_jsonl,folder,audio_00160.wav,1,1,0
all_audio_with_jsonl,folder,audio_00159.wav,1,1,0
all_audio_with_jsonl,folder,audio_00158.wav,1,1,0
all_audio_with_jsonl,folder,audio_00156.wav,1,1,0
all_audio_with_jsonl,folder,audio_00168.wav,1,1,0
all_audio_with_jsonl,folder,audio_00155.wav,1,1,0
all_audio_with_jsonl,folder,audio_00154.wav,1,1,0
all_audio_with_jsonl,folder,audio_00153.wav,1,1,0
all_audio_with_jsonl,folder,audio_00152.wav,1,1,0
all_audio_with_jsonl,folder,audio_00151.wav,1,1,0
all_audio_with_jsonl,folder,audio_00150.wav,1,1,0
all_audio_with_jsonl,folder,audio_00149.wav,1,1,0
all_audio_with_jsonl,folder,audio_00148.wav,1,1,0
all_audio_with_jsonl,folder,audio_00147.wav,1,1,0
all_audio_with_jsonl,folder,audio_00167.wav,1,1,0
all_audio_with_jsonl,folder,audio_00169.wav,1,1,0
all_audio_with_jsonl,folder,audio_00099.wav,1,1,0
all_audio_with_jsonl,folder,audio_00181.wav,1,1,0
all_audio_with_jsonl,folder,audio_00190.wav,1,1,0
all_audio_with_jsonl,folder,audio_00189.wav,1,1,0
all_audio_with_jsonl,folder,audio_00188.wav,1,1,0
all_audio_with_jsonl,folder,audio_00187.wav,1,1,0
all_audio_with_jsonl,folder,audio_00186.wav,1,1,0
all_audio_with_jsonl,folder,audio_00185.wav,1,1,0
all_audio_with_jsonl,folder,audio_00184.wav,1,1,0
all_audio_with_jsonl,folder,audio_00183.wav,1,1,0
all_audio_with_jsonl,folder,audio_00182.wav,1,1,0
all_audio_with_jsonl,folder,audio_00180.wav,1,1,0
all_audio_with_jsonl,folder,audio_00170.wav,1,1,0
all_audio_with_jsonl,folder,audio_00179.wav,1,1,0
all_audio_with_jsonl,folder,audio_00178.wav,1,1,0
all_audio_with_jsonl,folder,audio_00177.wav,1,1,0
all_audio_with_jsonl,folder,audio_00176.wav,1,1,0
all_audio_with_jsonl,folder,audio_00175.wav,1,1,0
all_audio_with_jsonl,folder,audio_00174.wav,1,1,0
all_audio_with_jsonl,folder,audio_00173.wav,1,1,0
all_audio_with_jsonl,folder,audio_00172.wav,1,1,0
all_audio_with_jsonl,folder,audio_00171.wav,1,1,0
all_audio_with_jsonl,folder,audio_00146.wav,1,1,0
all_audio_with_jsonl,folder,audio_00145.wav,1,1,0
all_audio_with_jsonl,folder,audio_00144.wav,1,1,0
all_audio_with_jsonl,folder,audio_00110.wav,1,1,0
all_audio_with_jsonl,folder,audio_00119.wav,1,1,0
all_audio_with_jsonl,folder,audio_00118.wav,1,1,0
all_audio_with_jsonl,folder,audio_00117.wav,1,1,0
all_audio_with_jsonl,folder,audio_00116.wav,1,1,0
all_audio_with_jsonl,folder,audio_00115.wav,1,1,0
all_audio_with_jsonl,folder,audio_00114.wav,1,1,0
all_audio_with_jsonl,folder,audio_00113.wav,1,1,0
all_audio_with_jsonl,folder,audio_00112.wav,1,1,0
all_audio_with_jsonl,folder,audio_00111.wav,1,1,0
all_audio_with_jsonl,folder,audio_00109.wav,1,1,0
all_audio_with_jsonl,folder,audio_00143.wav,1,1,0
all_audio_with_jsonl,folder,audio_00108.wav,1,1,0
all_audio_with_jsonl,folder,audio_00107.wav,1,1,0
all_audio_with_jsonl,folder,audio_00106.wav,1,1,0
all_audio_with_jsonl,folder,audio_00105.wav,1,1,0
all_audio_with_jsonl,folder,audio_00104.wav,1,1,0
all_audio_with_jsonl,folder,audio_00103.wav,1,1,0
all_audio_with_jsonl,folder,audio_00102.wav,1,1,0
all_audio_with_jsonl,folder,audio_00101.wav,1,1,0
all_audio_with_jsonl,folder,audio_00100.wav,1,1,0
all_audio_with_jsonl,folder,audio_00120.wav,1,1,0
all_audio_with_jsonl,folder,audio_00121.wav,1,1,0
all_audio_with_jsonl,folder,audio_00122.wav,1,1,0
all_audio_with_jsonl,folder,audio_00123.wav,1,1,0
all_audio_with_jsonl,folder,audio_00142.wav,1,1,0
all_audio_with_jsonl,folder,audio_00141.wav,1,1,0
all_audio_with_jsonl,folder,audio_00140.wav,1,1,0
all_audio_with_jsonl,folder,audio_00139.wav,1,1,0
all_audio_with_jsonl,folder,audio_00138.wav,1,1,0
all_audio_with_jsonl,folder,audio_00137.wav,1,1,0
all_audio_with_jsonl,folder,audio_00136.wav,1,1,0
all_audio_with_jsonl,folder,audio_00135.wav,1,1,0
all_audio_with_jsonl,folder,audio_00134.wav,1,1,0
all_audio_with_jsonl,folder,audio_00133.wav,1,1,0
all_audio_with_jsonl,folder,audio_00132.wav,1,1,0
all_audio_with_jsonl,folder,audio_00131.wav,1,1,0
all_audio_with_jsonl,folder,audio_00130.wav,1,1,0
all_audio_with_jsonl,folder,audio_00129.wav,1,1,0
all_audio_with_jsonl,folder,audio_00128.wav,1,1,0
all_audio_with_jsonl,folder,audio_00127.wav,1,1,0
all_audio_with_jsonl,folder,audio_00126.wav,1,1,0
all_audio_with_jsonl,folder,audio_00125.wav,1,1,0
all_audio_with_jsonl,folder,audio_00124.wav,1,1,0
all_audio_with_jsonl,folder,audio_00384.wav,1,1,0
all_audio_with_jsonl,folder,audio_00386.wav,1,1,0
all_audio_with_jsonl,folder,audio_00776.wav,1,1,0
all_audio_with_jsonl,folder,audio_00644.wav,1,1,0
all_audio_with_jsonl,folder,audio_00653.wav,1,1,0
all_audio_with_jsonl,folder,audio_00652.wav,1,1,0
all_audio_with_jsonl,folder,audio_00651.wav,1,1,0
all_audio_with_jsonl,folder,audio_00650.wav,1,1,0
all_audio_with_jsonl,folder,audio_00649.wav,1,1,0
all_audio_with_jsonl,folder,audio_00648.wav,1,1,0
all_audio_with_jsonl,folder,audio_00647.wav,1,1,0
all_audio_with_jsonl,folder,audio_00646.wav,1,1,0
all_audio_with_jsonl,folder,audio_00645.wav,1,1,0
all_audio_with_jsonl,folder,audio_00643.wav,1,1,0
all_audio_with_jsonl,folder,audio_00655.wav,1,1,0
all_audio_with_jsonl,folder,audio_00642.wav,1,1,0
all_audio_with_jsonl,folder,audio_00641.wav,1,1,0
all_audio_with_jsonl,folder,audio_00640.wav,1,1,0
all_audio_with_jsonl,folder,audio_00639.wav,1,1,0
all_audio_with_jsonl,folder,audio_00638.wav,1,1,0
all_audio_with_jsonl,folder,audio_00637.wav,1,1,0
all_audio_with_jsonl,folder,audio_00636.wav,1,1,0
all_audio_with_jsonl,folder,audio_00635.wav,1,1,0
all_audio_with_jsonl,folder,audio_00634.wav,1,1,0
all_audio_with_jsonl,folder,audio_00654.wav,1,1,0
all_audio_with_jsonl,folder,audio_00656.wav,1,1,0
all_audio_with_jsonl,folder,audio_00632.wav,1,1,0
all_audio_with_jsonl,folder,audio_00668.wav,1,1,0
all_audio_with_jsonl,folder,audio_00677.wav,1,1,0
all_audio_with_jsonl,folder,audio_00676.wav,1,1,0
all_audio_with_jsonl,folder,audio_00675.wav,1,1,0
all_audio_with_jsonl,folder,audio_00674.wav,1,1,0
all_audio_with_jsonl,folder,audio_00673.wav,1,1,0
all_audio_with_jsonl,folder,audio_00672.wav,1,1,0
all_audio_with_jsonl,folder,audio_00671.wav,1,1,0
all_audio_with_jsonl,folder,audio_00670.wav,1,1,0
all_audio_with_jsonl,folder,audio_00669.wav,1,1,0
all_audio_with_jsonl,folder,audio_00667.wav,1,1,0
all_audio_with_jsonl,folder,audio_00657.wav,1,1,0
all_audio_with_jsonl,folder,audio_00666.wav,1,1,0
all_audio_with_jsonl,folder,audio_00665.wav,1,1,0
all_audio_with_jsonl,folder,audio_00664.wav,1,1,0
all_audio_with_jsonl,folder,audio_00663.wav,1,1,0
all_audio_with_jsonl,folder,audio_00662.wav,1,1,0
all_audio_with_jsonl,folder,audio_00661.wav,1,1,0
all_audio_with_jsonl,folder,audio_00660.wav,1,1,0
all_audio_with_jsonl,folder,audio_00659.wav,1,1,0
all_audio_with_jsonl,folder,audio_00658.wav,1,1,0
all_audio_with_jsonl,folder,audio_00633.wav,1,1,0
all_audio_with_jsonl,folder,audio_00631.wav,1,1,0
all_audio_with_jsonl,folder,audio_00387.wav,1,1,0
all_audio_with_jsonl,folder,audio_00593.wav,1,1,0
all_audio_with_jsonl,folder,audio_00603.wav,1,1,0
all_audio_with_jsonl,folder,audio_00602.wav,1,1,0
all_audio_with_jsonl,folder,audio_00601.wav,1,1,0
all_audio_with_jsonl,folder,audio_00600.wav,1,1,0
all_audio_with_jsonl,folder,audio_00599.wav,1,1,0
all_audio_with_jsonl,folder,audio_00598.wav,1,1,0
all_audio_with_jsonl,folder,audio_00597.wav,1,1,0
all_audio_with_jsonl,folder,audio_00596.wav,1,1,0
all_audio_with_jsonl,folder,audio_00595.wav,1,1,0
all_audio_with_jsonl,folder,audio_00591.wav,1,1,0
all_audio_with_jsonl,folder,audio_00605.wav,1,1,0
all_audio_with_jsonl,folder,audio_00590.wav,1,1,0
all_audio_with_jsonl,folder,audio_00589.wav,1,1,0
all_audio_with_jsonl,folder,audio_00588.wav,1,1,0
all_audio_with_jsonl,folder,audio_00587.wav,1,1,0
all_audio_with_jsonl,folder,audio_00586.wav,1,1,0
all_audio_with_jsonl,folder,audio_00585.wav,1,1,0
all_audio_with_jsonl,folder,audio_00584.wav,1,1,0
all_audio_with_jsonl,folder,audio_00583.wav,1,1,0
all_audio_with_jsonl,folder,audio_00582.wav,1,1,0
all_audio_with_jsonl,folder,audio_00604.wav,1,1,0
all_audio_with_jsonl,folder,audio_00606.wav,1,1,0
all_audio_with_jsonl,folder,audio_00630.wav,1,1,0
all_audio_with_jsonl,folder,audio_00619.wav,1,1,0
all_audio_with_jsonl,folder,audio_00628.wav,1,1,0
all_audio_with_jsonl,folder,audio_00627.wav,1,1,0
all_audio_with_jsonl,folder,audio_00626.wav,1,1,0
all_audio_with_jsonl,folder,audio_00625.wav,1,1,0
all_audio_with_jsonl,folder,audio_00624.wav,1,1,0
all_audio_with_jsonl,folder,audio_00623.wav,1,1,0
all_audio_with_jsonl,folder,audio_00622.wav,1,1,0
all_audio_with_jsonl,folder,audio_00621.wav,1,1,0
all_audio_with_jsonl,folder,audio_00620.wav,1,1,0
all_audio_with_jsonl,folder,audio_00618.wav,1,1,0
all_audio_with_jsonl,folder,audio_00607.wav,1,1,0
all_audio_with_jsonl,folder,audio_00617.wav,1,1,0
all_audio_with_jsonl,folder,audio_00616.wav,1,1,0
all_audio_with_jsonl,folder,audio_00614.wav,1,1,0
all_audio_with_jsonl,folder,audio_00613.wav,1,1,0
all_audio_with_jsonl,folder,audio_00612.wav,1,1,0
all_audio_with_jsonl,folder,audio_00611.wav,1,1,0
all_audio_with_jsonl,folder,audio_00610.wav,1,1,0
all_audio_with_jsonl,folder,audio_00609.wav,1,1,0
all_audio_with_jsonl,folder,audio_00608.wav,1,1,0
all_audio_with_jsonl,folder,audio_00678.wav,1,1,0
all_audio_with_jsonl,folder,audio_00679.wav,1,1,0
all_audio_with_jsonl,folder,audio_00680.wav,1,1,0
all_audio_with_jsonl,folder,audio_00742.wav,1,1,0
all_audio_with_jsonl,folder,audio_00751.wav,1,1,0
all_audio_with_jsonl,folder,audio_00750.wav,1,1,0
all_audio_with_jsonl,folder,audio_00749.wav,1,1,0
all_audio_with_jsonl,folder,audio_00748.wav,1,1,0
all_audio_with_jsonl,folder,audio_00747.wav,1,1,0
all_audio_with_jsonl,folder,audio_00746.wav,1,1,0
all_audio_with_jsonl,folder,audio_00745.wav,1,1,0
all_audio_with_jsonl,folder,audio_00744.wav,1,1,0
all_audio_with_jsonl,folder,audio_00743.wav,1,1,0
all_audio_with_jsonl,folder,audio_00741.wav,1,1,0
all_audio_with_jsonl,folder,audio_00753.wav,1,1,0
all_audio_with_jsonl,folder,audio_00740.wav,1,1,0
all_audio_with_jsonl,folder,audio_00739.wav,1,1,0
all_audio_with_jsonl,folder,audio_00737.wav,1,1,0
all_audio_with_jsonl,folder,audio_00736.wav,1,1,0
all_audio_with_jsonl,folder,audio_00735.wav,1,1,0
all_audio_with_jsonl,folder,audio_00734.wav,1,1,0
all_audio_with_jsonl,folder,audio_00733.wav,1,1,0
all_audio_with_jsonl,folder,audio_00732.wav,1,1,0
all_audio_with_jsonl,folder,audio_00731.wav,1,1,0
all_audio_with_jsonl,folder,audio_00752.wav,1,1,0
all_audio_with_jsonl,folder,audio_00754.wav,1,1,0
all_audio_with_jsonl,folder,audio_00682.wav,1,1,0
all_audio_with_jsonl,folder,audio_00766.wav,1,1,0
all_audio_with_jsonl,folder,audio_00775.wav,1,1,0
all_audio_with_jsonl,folder,audio_00774.wav,1,1,0
all_audio_with_jsonl,folder,audio_00773.wav,1,1,0
all_audio_with_jsonl,folder,audio_00772.wav,1,1,0
all_audio_with_jsonl,folder,audio_00771.wav,1,1,0
all_audio_with_jsonl,folder,audio_00770.wav,1,1,0
all_audio_with_jsonl,folder,audio_00769.wav,1,1,0
all_audio_with_jsonl,folder,audio_00768.wav,1,1,0
all_audio_with_jsonl,folder,audio_00767.wav,1,1,0
all_audio_with_jsonl,folder,audio_00765.wav,1,1,0
all_audio_with_jsonl,folder,audio_00755.wav,1,1,0
all_audio_with_jsonl,folder,audio_00764.wav,1,1,0
all_audio_with_jsonl,folder,audio_00763.wav,1,1,0
all_audio_with_jsonl,folder,audio_00762.wav,1,1,0
all_audio_with_jsonl,folder,audio_00761.wav,1,1,0
all_audio_with_jsonl,folder,audio_00760.wav,1,1,0
all_audio_with_jsonl,folder,audio_00759.wav,1,1,0
all_audio_with_jsonl,folder,audio_00758.wav,1,1,0
all_audio_with_jsonl,folder,audio_00757.wav,1,1,0
all_audio_with_jsonl,folder,audio_00756.wav,1,1,0
all_audio_with_jsonl,folder,audio_00730.wav,1,1,0
all_audio_with_jsonl,folder,audio_00729.wav,1,1,0
all_audio_with_jsonl,folder,audio_00728.wav,1,1,0
all_audio_with_jsonl,folder,audio_00693.wav,1,1,0
all_audio_with_jsonl,folder,audio_00703.wav,1,1,0
all_audio_with_jsonl,folder,audio_00702.wav,1,1,0
all_audio_with_jsonl,folder,audio_00701.wav,1,1,0
all_audio_with_jsonl,folder,audio_00700.wav,1,1,0
all_audio_with_jsonl,folder,audio_00699.wav,1,1,0
all_audio_with_jsonl,folder,audio_00698.wav,1,1,0
all_audio_with_jsonl,folder,audio_00696.wav,1,1,0
all_audio_with_jsonl,folder,audio_00695.wav,1,1,0
all_audio_with_jsonl,folder,audio_00694.wav,1,1,0
all_audio_with_jsonl,folder,audio_00692.wav,1,1,0
all_audio_with_jsonl,folder,audio_00727.wav,1,1,0
all_audio_with_jsonl,folder,audio_00691.wav,1,1,0
all_audio_with_jsonl,folder,audio_00690.wav,1,1,0
all_audio_with_jsonl,folder,audio_00689.wav,1,1,0
all_audio_with_jsonl,folder,audio_00688.wav,1,1,0
all_audio_with_jsonl,folder,audio_00687.wav,1,1,0
all_audio_with_jsonl,folder,audio_00686.wav,1,1,0
all_audio_with_jsonl,folder,audio_00685.wav,1,1,0
all_audio_with_jsonl,folder,audio_00684.wav,1,1,0
all_audio_with_jsonl,folder,audio_00683.wav,1,1,0
all_audio_with_jsonl,folder,audio_00704.wav,1,1,0
all_audio_with_jsonl,folder,audio_00705.wav,1,1,0
all_audio_with_jsonl,folder,audio_00706.wav,1,1,0
all_audio_with_jsonl,folder,audio_00707.wav,1,1,0
all_audio_with_jsonl,folder,audio_00726.wav,1,1,0
all_audio_with_jsonl,folder,audio_00725.wav,1,1,0
all_audio_with_jsonl,folder,audio_00724.wav,1,1,0
all_audio_with_jsonl,folder,audio_00723.wav,1,1,0
all_audio_with_jsonl,folder,audio_00722.wav,1,1,0
all_audio_with_jsonl,folder,audio_00721.wav,1,1,0
all_audio_with_jsonl,folder,audio_00720.wav,1,1,0
all_audio_with_jsonl,folder,audio_00719.wav,1,1,0
all_audio_with_jsonl,folder,audio_00718.wav,1,1,0
all_audio_with_jsonl,folder,audio_00717.wav,1,1,0
all_audio_with_jsonl,folder,audio_00716.wav,1,1,0
all_audio_with_jsonl,folder,audio_00715.wav,1,1,0
all_audio_with_jsonl,folder,audio_00714.wav,1,1,0
all_audio_with_jsonl,folder,audio_00713.wav,1,1,0
all_audio_with_jsonl,folder,audio_00712.wav,1,1,0
all_audio_with_jsonl,folder,audio_00711.wav,1,1,0
all_audio_with_jsonl,folder,audio_00710.wav,1,1,0
all_audio_with_jsonl,folder,audio_00709.wav,1,1,0
all_audio_with_jsonl,folder,audio_00708.wav,1,1,0
all_audio_with_jsonl,folder,audio_00581.wav,1,1,0
all_audio_with_jsonl,folder,audio_00580.wav,1,1,0
all_audio_with_jsonl,folder,audio_00579.wav,1,1,0
all_audio_with_jsonl,folder,audio_00446.wav,1,1,0
all_audio_with_jsonl,folder,audio_00455.wav,1,1,0
all_audio_with_jsonl,folder,audio_00454.wav,1,1,0
all_audio_with_jsonl,folder,audio_00453.wav,1,1,0
all_audio_with_jsonl,folder,audio_00452.wav,1,1,0
all_audio_with_jsonl,folder,audio_00451.wav,1,1,0
all_audio_with_jsonl,folder,audio_00450.wav,1,1,0
all_audio_with_jsonl,folder,audio_00449.wav,1,1,0
all_audio_with_jsonl,folder,audio_00448.wav,1,1,0
all_audio_with_jsonl,folder,audio_00447.wav,1,1,0
all_audio_with_jsonl,folder,audio_00445.wav,1,1,0
all_audio_with_jsonl,folder,audio_00457.wav,1,1,0
all_audio_with_jsonl,folder,audio_00444.wav,1,1,0
all_audio_with_jsonl,folder,audio_00443.wav,1,1,0
all_audio_with_jsonl,folder,audio_00442.wav,1,1,0
all_audio_with_jsonl,folder,audio_00441.wav,1,1,0
all_audio_with_jsonl,folder,audio_00440.wav,1,1,0
all_audio_with_jsonl,folder,audio_00438.wav,1,1,0
all_audio_with_jsonl,folder,audio_00437.wav,1,1,0
all_audio_with_jsonl,folder,audio_00436.wav,1,1,0
all_audio_with_jsonl,folder,audio_00435.wav,1,1,0
all_audio_with_jsonl,folder,audio_00456.wav,1,1,0
all_audio_with_jsonl,folder,audio_00458.wav,1,1,0
all_audio_with_jsonl,folder,audio_00481.wav,1,1,0
all_audio_with_jsonl,folder,audio_00470.wav,1,1,0
all_audio_with_jsonl,folder,audio_00479.wav,1,1,0
all_audio_with_jsonl,folder,audio_00478.wav,1,1,0
all_audio_with_jsonl,folder,audio_00477.wav,1,1,0
all_audio_with_jsonl,folder,audio_00476.wav,1,1,0
all_audio_with_jsonl,folder,audio_00475.wav,1,1,0
all_audio_with_jsonl,folder,audio_00474.wav,1,1,0
all_audio_with_jsonl,folder,audio_00473.wav,1,1,0
all_audio_with_jsonl,folder,audio_00472.wav,1,1,0
all_audio_with_jsonl,folder,audio_00471.wav,1,1,0
all_audio_with_jsonl,folder,audio_00469.wav,1,1,0
all_audio_with_jsonl,folder,audio_00459.wav,1,1,0
all_audio_with_jsonl,folder,audio_00468.wav,1,1,0
all_audio_with_jsonl,folder,audio_00467.wav,1,1,0
all_audio_with_jsonl,folder,audio_00466.wav,1,1,0
all_audio_with_jsonl,folder,audio_00465.wav,1,1,0
all_audio_with_jsonl,folder,audio_00464.wav,1,1,0
all_audio_with_jsonl,folder,audio_00463.wav,1,1,0
all_audio_with_jsonl,folder,audio_00462.wav,1,1,0
all_audio_with_jsonl,folder,audio_00461.wav,1,1,0
all_audio_with_jsonl,folder,audio_00460.wav,1,1,0
all_audio_with_jsonl,folder,audio_00434.wav,1,1,0
all_audio_with_jsonl,folder,audio_00433.wav,1,1,0
all_audio_with_jsonl,folder,audio_00432.wav,1,1,0
all_audio_with_jsonl,folder,audio_00398.wav,1,1,0
all_audio_with_jsonl,folder,audio_00407.wav,1,1,0
all_audio_with_jsonl,folder,audio_00406.wav,1,1,0
all_audio_with_jsonl,folder,audio_00405.wav,1,1,0
all_audio_with_jsonl,folder,audio_00404.wav,1,1,0
all_audio_with_jsonl,folder,audio_00403.wav,1,1,0
all_audio_with_jsonl,folder,audio_00402.wav,1,1,0
all_audio_with_jsonl,folder,audio_00401.wav,1,1,0
all_audio_with_jsonl,folder,audio_00400.wav,1,1,0
all_audio_with_jsonl,folder,audio_00399.wav,1,1,0
all_audio_with_jsonl,folder,audio_00397.wav,1,1,0
all_audio_with_jsonl,folder,audio_00431.wav,1,1,0
all_audio_with_jsonl,folder,audio_00396.wav,1,1,0
all_audio_with_jsonl,folder,audio_00395.wav,1,1,0
all_audio_with_jsonl,folder,audio_00394.wav,1,1,0
all_audio_with_jsonl,folder,audio_00393.wav,1,1,0
all_audio_with_jsonl,folder,audio_00392.wav,1,1,0
all_audio_with_jsonl,folder,audio_00391.wav,1,1,0
all_audio_with_jsonl,folder,audio_00390.wav,1,1,0
all_audio_with_jsonl,folder,audio_00389.wav,1,1,0
all_audio_with_jsonl,folder,audio_00388.wav,1,1,0
all_audio_with_jsonl,folder,audio_00408.wav,1,1,0
all_audio_with_jsonl,folder,audio_00409.wav,1,1,0
all_audio_with_jsonl,folder,audio_00410.wav,1,1,0
all_audio_with_jsonl,folder,audio_00411.wav,1,1,0
all_audio_with_jsonl,folder,audio_00430.wav,1,1,0
all_audio_with_jsonl,folder,audio_00429.wav,1,1,0
all_audio_with_jsonl,folder,audio_00428.wav,1,1,0
all_audio_with_jsonl,folder,audio_00427.wav,1,1,0
all_audio_with_jsonl,folder,audio_00426.wav,1,1,0
all_audio_with_jsonl,folder,audio_00425.wav,1,1,0
all_audio_with_jsonl,folder,audio_00424.wav,1,1,0
all_audio_with_jsonl,folder,audio_00423.wav,1,1,0
all_audio_with_jsonl,folder,audio_00422.wav,1,1,0
all_audio_with_jsonl,folder,audio_00421.wav,1,1,0
all_audio_with_jsonl,folder,audio_00420.wav,1,1,0
all_audio_with_jsonl,folder,audio_00419.wav,1,1,0
all_audio_with_jsonl,folder,audio_00418.wav,1,1,0
all_audio_with_jsonl,folder,audio_00417.wav,1,1,0
all_audio_with_jsonl,folder,audio_00416.wav,1,1,0
all_audio_with_jsonl,folder,audio_00415.wav,1,1,0
all_audio_with_jsonl,folder,audio_00414.wav,1,1,0
all_audio_with_jsonl,folder,audio_00413.wav,1,1,0
all_audio_with_jsonl,folder,audio_00412.wav,1,1,0
all_audio_with_jsonl,folder,audio_00480.wav,1,1,0
all_audio_with_jsonl,folder,audio_00482.wav,1,1,0
all_audio_with_jsonl,folder,audio_00578.wav,1,1,0
all_audio_with_jsonl,folder,audio_00543.wav,1,1,0
all_audio_with_jsonl,folder,audio_00552.wav,1,1,0
all_audio_with_jsonl,folder,audio_00551.wav,1,1,0
all_audio_with_jsonl,folder,audio_00550.wav,1,1,0
all_audio_with_jsonl,folder,audio_00549.wav,1,1,0
all_audio_with_jsonl,folder,audio_00548.wav,1,1,0
all_audio_with_jsonl,folder,audio_00547.wav,1,1,0
all_audio_with_jsonl,folder,audio_00546.wav,1,1,0
all_audio_with_jsonl,folder,audio_00545.wav,1,1,0
all_audio_with_jsonl,folder,audio_00544.wav,1,1,0
all_audio_with_jsonl,folder,audio_00542.wav,1,1,0
all_audio_with_jsonl,folder,audio_00554.wav,1,1,0
all_audio_with_jsonl,folder,audio_00541.wav,1,1,0
all_audio_with_jsonl,folder,audio_00540.wav,1,1,0
all_audio_with_jsonl,folder,audio_00539.wav,1,1,0
all_audio_with_jsonl,folder,audio_00538.wav,1,1,0
all_audio_with_jsonl,folder,audio_00537.wav,1,1,0
all_audio_with_jsonl,folder,audio_00536.wav,1,1,0
all_audio_with_jsonl,folder,audio_00535.wav,1,1,0
all_audio_with_jsonl,folder,audio_00534.wav,1,1,0
all_audio_with_jsonl,folder,audio_00533.wav,1,1,0
all_audio_with_jsonl,folder,audio_00553.wav,1,1,0
all_audio_with_jsonl,folder,audio_00555.wav,1,1,0
all_audio_with_jsonl,folder,audio_00483.wav,1,1,0
all_audio_with_jsonl,folder,audio_00568.wav,1,1,0
all_audio_with_jsonl,folder,audio_00577.wav,1,1,0
all_audio_with_jsonl,folder,audio_00576.wav,1,1,0
all_audio_with_jsonl,folder,audio_00575.wav,1,1,0
all_audio_with_jsonl,folder,audio_00574.wav,1,1,0
all_audio_with_jsonl,folder,audio_00573.wav,1,1,0
all_audio_with_jsonl,folder,audio_00572.wav,1,1,0
all_audio_with_jsonl,folder,audio_00571.wav,1,1,0
all_audio_with_jsonl,folder,audio_00570.wav,1,1,0
all_audio_with_jsonl,folder,audio_00569.wav,1,1,0
all_audio_with_jsonl,folder,audio_00567.wav,1,1,0
all_audio_with_jsonl,folder,audio_00556.wav,1,1,0
all_audio_with_jsonl,folder,audio_00566.wav,1,1,0
all_audio_with_jsonl,folder,audio_00565.wav,1,1,0
all_audio_with_jsonl,folder,audio_00564.wav,1,1,0
all_audio_with_jsonl,folder,audio_00563.wav,1,1,0
all_audio_with_jsonl,folder,audio_00561.wav,1,1,0
all_audio_with_jsonl,folder,audio_00560.wav,1,1,0
all_audio_with_jsonl,folder,audio_00559.wav,1,1,0
all_audio_with_jsonl,folder,audio_00558.wav,1,1,0
all_audio_with_jsonl,folder,audio_00557.wav,1,1,0
all_audio_with_jsonl,folder,audio_00532.wav,1,1,0
all_audio_with_jsonl,folder,audio_00531.wav,1,1,0
all_audio_with_jsonl,folder,audio_00530.wav,1,1,0
all_audio_with_jsonl,folder,audio_00494.wav,1,1,0
all_audio_with_jsonl,folder,audio_00503.wav,1,1,0
all_audio_with_jsonl,folder,audio_00502.wav,1,1,0
all_audio_with_jsonl,folder,audio_00501.wav,1,1,0
all_audio_with_jsonl,folder,audio_00500.wav,1,1,0
all_audio_with_jsonl,folder,audio_00499.wav,1,1,0
all_audio_with_jsonl,folder,audio_00498.wav,1,1,0
all_audio_with_jsonl,folder,audio_00497.wav,1,1,0
all_audio_with_jsonl,folder,audio_00496.wav,1,1,0
all_audio_with_jsonl,folder,audio_00495.wav,1,1,0
all_audio_with_jsonl,folder,audio_00493.wav,1,1,0
all_audio_with_jsonl,folder,audio_00529.wav,1,1,0
all_audio_with_jsonl,folder,audio_00492.wav,1,1,0
all_audio_with_jsonl,folder,audio_00491.wav,1,1,0
all_audio_with_jsonl,folder,audio_00490.wav,1,1,0
all_audio_with_jsonl,folder,audio_00489.wav,1,1,0
all_audio_with_jsonl,folder,audio_00488.wav,1,1,0
all_audio_with_jsonl,folder,audio_00487.wav,1,1,0
all_audio_with_jsonl,folder,audio_00486.wav,1,1,0
all_audio_with_jsonl,folder,audio_00485.wav,1,1,0
all_audio_with_jsonl,folder,audio_00484.wav,1,1,0
all_audio_with_jsonl,folder,audio_00504.wav,1,1,0
all_audio_with_jsonl,folder,audio_00505.wav,1,1,0
all_audio_with_jsonl,folder,audio_00506.wav,1,1,0
all_audio_with_jsonl,folder,audio_00508.wav,1,1,0
all_audio_with_jsonl,folder,audio_00528.wav,1,1,0
all_audio_with_jsonl,folder,audio_00527.wav,1,1,0
all_audio_with_jsonl,folder,audio_00526.wav,1,1,0
all_audio_with_jsonl,folder,audio_00525.wav,1,1,0
all_audio_with_jsonl,folder,audio_00523.wav,1,1,0
all_audio_with_jsonl,folder,audio_00522.wav,1,1,0
all_audio_with_jsonl,folder,audio_00521.wav,1,1,0
all_audio_with_jsonl,folder,audio_00520.wav,1,1,0
all_audio_with_jsonl,folder,audio_00519.wav,1,1,0
all_audio_with_jsonl,folder,audio_00518.wav,1,1,0
all_audio_with_jsonl,folder,audio_00517.wav,1,1,0
all_audio_with_jsonl,folder,audio_00516.wav,1,1,0
all_audio_with_jsonl,folder,audio_00515.wav,1,1,0
all_audio_with_jsonl,folder,audio_00514.wav,1,1,0
all_audio_with_jsonl,folder,audio_00513.wav,1,1,0
all_audio_with_jsonl,folder,audio_00512.wav,1,1,0
all_audio_with_jsonl,folder,audio_00511.wav,1,1,0
all_audio_with_jsonl,folder,audio_00510.wav,1,1,0
all_audio_with_jsonl,folder,audio_00509.wav,1,1,0
top10_audio_parallel_meta,folder,audio_00009.wav,1,1,0
